"session_id","trinary_A","trinary_B","trinary_C","trinary_AB","trinary_BC","binary_statepop1","binary_statearea1","binary_gdp1","binary_statepop2","binary_statearea2","binary_gdp2","time1","time2","time3","time4","time5","time6","space1","space2","space3","space4","space5","space6","confidence_interval1","confidence_interval2","confidence_interval3","tri1_abc","tri1_ab","tri1_bc","bin1","bin2","bin3","t1","t2","s1","s2","ci1","score_mean"
"Z74YBwECpL8QkLR6RuxT2rrff6",0.7,0.79,0.89,0.79,1,0.8,0.5,0.8,0.2,0.49,0.19,0.8,0.89,0.93,0.59,0.69,0.79,0.8,0.99,0.99,0.9,0.9,0.99,0.99,0.99,0.99,0.31,0.3,0.32,1,0.99,0.99,1,1,0.908248290463863,0.908248290463863,0.5,0.747863325538884
"NhLuEUpFKVLMXcgOH9FRZibbUN",0.77,0.8,0.79,0.78,0.77,0.73,0.64,0.62,0.65,0.68,0.64,0.57,0.39,0.43,0.59,0.5,0.42,0.48,0.69,0.6,0.44,0.46,0.27,0.79,0.74,0.73,0.32,0.21,0.18,0.62,0.68,0.74,0.333333333333333,0,0.666666666666667,0.333333333333333,0,0.371212121212121
"roE5s1646kIDOHR2ypn0gY8XIG",0.61,0.55,0.48,0.75,0.75,0.58,0.6,0.89,0.65,0.6,0.74,0.57,0.52,0.43,0.65,0.58,0.51,0.54,0.49,0.43,0.62,0.56,0.51,0.57,0.54,0.5,0.68,0.59,0.72,0.77,0.8,0.37,0,0,0,0,0,0.357272727272727
"tLSjGm6Dqri4nsVHHnkVL8G3V4",0.19,0.31,0.35,0.33,0.27,0.54,0.59,0.69,0.66,0.73,0.79,0.4,0.43,0.51,0.33,0.56,0.65,0.35,0.51,0.6,0.32,0.64,0.82,0.29,0.56,0.64,0.925,0.83,0.61,0.8,0.68,0.52,1,1,1,1,1,0.851363636363636
"W6lW7tpcdPnwidSMJyh0KrZtZ9",0.55,0.54,0.58,0.6,0.58,0.46,0.45,0.43,0.42,0.4,0.42,0.42,0.43,0.43,0.37,0.41,0.41,0.52,0.49,0.56,0.43,0.43,0.47,0.51,0.49,0.49,0.665,0.51,0.46,0.88,0.85,0.85,0.908248290463863,0.908248290463863,0.666666666666667,0.908248290463863,0.0917517095361369,0.699833022508581
"Ox2JDobTVCybEB6T15i8Cf82Z1",0.6,0.8,0.91,0.42,0.39,0.62,1,0.92,0.29,0.01,0.79,0.09,0.03,0.01,0.89,0.95,1,0.96,1,1,0.8,1,0.8,0,0,0,0.345,0.02,-0.32,0.91,0.99,0.29,0,1,0.908248290463863,0.5,0.5,0.467568026405806
"WiMJRTZtpieHRm3ClAWipoHr0C",0,0.3,0.1,0.2,0.29,0.1,0.8,0.8,1,0.21,0.19,0.8,0.9,1,0.6,0.7,0.79,0.62,0.81,1,0.91,0.9,0.79,0.89,0.9,1,0.7,0.9,0.89,0.9,0.99,0.99,1,1,1,0,1,0.851818181818182
"DebsBC0abituuuNqZbrWt3jR91",0.54,0.65,0.71,0.32,0.56,0.49,0.63,0.71,0.6,0.63,0.66,0.72,0.75,0.73,0.5,0.55,0.57,0.8,0.67,0.72,0.49,0.57,0.71,0.2,0.3,0.65,0.55,0.13,0.2,0.91,0.74,0.63,0.666666666666667,1,0.333333333333333,1,1,0.650909090909091
"pXLD8gCCp0YZ9CquUV1lQCIj5c",0.01,0.01,1,0,1,0.03,0.75,0.96,0.99,0.96,0.04,0.5,0.8,0.85,0.64,0.89,0.9,1,1,1,0.59,0.9,1,0.7,0.7,0.29,0.99,0.98,0.99,0.98,0.29,1,1,1,0.5,1,0.0917517095361369,0.801977428139649
"rDRcOADIKvymJ2TSyULLnxWo4D",0.5,0.5,0.79,0.33,0.57,0.58,0.49,0.69,0.5,0.4,0.32,0.75,0.84,0.99,0.65,0.72,0.84,1,1,1,0.59,0.55,0.87,0.48,0.5,0.48,0.605,0.33,0.28,0.92,0.89,0.99,1,1,0.5,0.666666666666667,0.5,0.698333333333333
"q4nRVOcjo2BHXLaJItbKSgI6Cl",0,0.1,0.9,0.1,1,0.8,0.79,0.79,0.2,0.19,0.2,0.5,0.6,0.67,0.1,0.15,0.19,0.6,0.8,1,0.3,0.5,0.8,0.7,0.74,0.86,1,1,1,1,0.98,0.99,1,1,1,1,1,0.997272727272727
"Mx8vIXApijMaRfRVx5CwheNj7R",0.85,0.8,0.39,0.79,0.4,0.5,0.29,0.29,0.6,0.49,0.72,0.3,0.49,0.6,0.09,0.15,0.39,0.23,0.5,0.88,0.39,0.49,0.74,0.49,0.52,0.6,0.48,0.14,0.21,0.9,0.78,0.99,1,1,1,1,1,0.772727272727273
"Scbpoqeq5cPbK4S6JgkDakbaJk",0.3,0.4,0.49,0.5,0.7,0.65,1,0.69,0.33,0,0.4,0.2,0.45,0.75,0.5,0.59,0.79,0.93,0.89,1,0.89,0.9,0.91,0.7,0.66,0.6,0.905,0.8,0.81,0.98,1,0.91,1,1,0.666666666666667,1,0,0.82469696969697
"eFe95CeeQAgOoze8mvOzVQ4Hv6",0.09,0.15,0.85,0.15,0.95,0.84,0.7,0.88,0.19,0.27,0.12,0.4,0.5,0.55,0.3,0.35,0.4,0.95,1,1,0.3,0.4,0.73,0.44,0.53,0.79,0.955,0.91,0.95,0.97,0.97,1,1,1,0.908248290463863,1,1,0.969386208223988
"bArB5qhI33ayqzPdBGfvyVkjoA",0.3,0.4,0.85,0.4,1,0.65,0.29,0.8,0.34,0.68,0.2,0.7,0.81,0.9,0.39,0.43,0.45,0.9,1,1,0.8,0.85,0.99,0.49,0.69,0.84,0.725,0.7,0.75,0.99,0.97,1,1,1,0.908248290463863,1,1,0.913022571860351
"MEb7oXeDnmtQ0bC3VQKEpwBH12",0.49,0.59,0.9,0.4,0.78,0.99,0.09,0.7,0,1,0.3,0.39,0.5,0.61,0.19,0.29,0.4,0.5,0.7,0.99,0.5,0.6,0.7,0.49,0.18,0.3,0.51,0.32,0.29,0.99,0.91,1,1,1,1,1,0.333333333333333,0.759393939393939
"e93AKbQfQkjIawUmpnrHDyMCEn",0.8,0.83,0.19,0.2,0.06,0.6,0.21,0.48,0.25,0.14,0.41,0.85,0.93,0.97,0.21,0.52,0.83,0.63,0.82,0.93,0.2,0.55,0.99,0.57,0.72,0.8,0.59,-0.43,0.04,0.85,0.35,0.89,1,1,1,1,1,0.662727272727273
"jD9DLaZo1jwq1HQt3MjwiFBWPC",0.7,0.79,0.9,0.1,1,1,0.8,0.79,0,0.3,0.19,0.29,0.34,0.4,0.1,0.12,0.16,0.97,1,1,0.9,0.94,1,0.8,0.85,0.87,0.305,-0.39,0.31,1,0.9,0.98,1,1,0.908248290463863,1,1,0.728477117314897
"ta2uwIm5tNBrAjeo5kjrWFX4rg",0.1,0.21,0.99,0.04,0.71,0.35,0.5,0.49,0.4,0.49,0.54,0.61,0.59,0.64,0.5,0.5,0.5,0.71,0.79,0.9,0.5,0.6,0.79,0.39,0.5,0.5,0.85,0.73,0.51,0.75,0.99,0.97,0.666666666666667,0.5,1,1,0.908248290463863,0.80681045064823
"C6FdaOsLL8vp2sdEAFgmzZ0hf3",0.09,0,0.3,0,0.84,0.5,0.4,1,0.3,0.28,0.42,1,1,0.32,0.09,0.1,0.2,0,0,0,0.21,0.28,0.22,0.5,0.39,0.51,0.695,0.91,0.46,0.8,0.68,0.58,0.0917517095361369,1,0.5,0.666666666666667,0.666666666666667,0.640916822079043
"tbCTQoAafrGj5o6gPjlOQQ6qwi",0.1,0.18,0.99,0.09,0.98,0.7,0.39,0.6,0.6,0.8,0.59,0.7,0.9,0.89,0.9,0.9,0.89,0.9,0.78,0.79,1,0.98,0.98,0.7,0.79,0.7,0.865,0.81,0.81,0.7,0.81,0.81,0.666666666666667,0.0917517095361369,0.333333333333333,0.0917517095361369,0.5,0.589863947188389
"qy2ies2MnUrMAg3lka97bXkkxI",1,1,1,1,1,1,0,1,0,1,0,0.03,0.07,0.1,0.04,0.06,0.1,0.95,0.98,1,0.5,0.59,0.7,0.7,0.8,0.9,0,0,0,1,1,1,1,1,1,1,1,0.727272727272727
"biu5BgZV2AePGJMpaEXIG7u0N3",0.2,0.4,0.9,0.02,1,1,0.5,0.8,0.2,0.49,0.2,0.02,0.08,0.11,0.09,0.14,0.25,0.2,0.2,0.2,0.09,0.16,0.23,0.02,0.06,0.09,0.75,0.42,0.7,0.8,0.99,1,1,1,0.5,1,1,0.832727272727273
"Itq6YDWXogHpqw9eUguLicnSnw",0.09,0.1,0.9,0.13,0.88,0.69,0.71,0.98,0.31,0.27,0.01,0.06,0.03,0.01,0.08,0.05,0.02,0.94,0.97,1,0.06,0.1,0.15,0.7,0.82,0.93,0.955,0.94,0.88,1,0.98,0.99,0,0,1,1,1,0.795
"2bka8DkhxCpWogLHxC1m5mlG7F",0.09,0.2,0.49,0.89,0.5,1,1,0.5,0,0,0.51,0.5,0.49,0.49,0.5,0.6,0.7,0.5,0.49,0.49,0.8,0.69,0.59,0.49,0.6,0.39,0.89,0.4,0.81,1,1,0.99,0.0917517095361369,1,0.0917517095361369,0,0.333333333333333,0.600621522945964
"haM8gzenfiOZvco8ocxKJo9hW8",0.4,0.54,0.79,0.59,1,0.3,0.79,0.5,0.8,0.19,0.49,0.3,0.4,0.49,0.49,0.49,0.5,0.7,0.8,1,0.8,0.89,1,0.5,0.5,0.5,0.635,0.65,0.67,0.9,0.98,0.99,1,0.908248290463863,1,1,0.5,0.839386208223988
"Ev2q5ZLI9arbNnB0IydGIw1Ms4",0,0,1,0,1,0.49,0.49,0.5,0.5,0.5,0.49,0.49,0.49,0.51,0.49,0.5,0.49,0.51,0.5,0.5,0.49,0.5,0.49,0.5,0.5,0.5,1,1,1,0.99,0.99,0.99,0.908248290463863,0.5,0.0917517095361369,0.5,0.5,0.77
"8M8VKFcBeQZ2iUhV3RNIMF1N8Q",0.09,0.19,0.79,0.2,0.89,0.3,0.5,0.7,0.3,0.5,0.19,0.69,0.79,0.89,0.49,0.6,0.7,0.7,0.88,1,0.69,0.79,0.99,0.49,0.49,0.49,0.965,0.92,0.91,0.6,1,0.89,1,1,1,1,0.5,0.889545454545455
"InuVSSgb9zkRgNy4sBB990gX9a",0.29,0.1,0.89,0.1,0.89,0.79,0.1,0.7,0.2,0.8,0.19,0.7,0.79,0.9,0.6,0.7,0.8,0.8,0.9,1,0.6,0.7,0.89,0.5,0.5,0.5,0.86,0.71,0.9,0.99,0.9,0.89,1,1,1,1,0.5,0.886363636363636
"dYGsqbBUw2jxZFU5A1H7OG25F1",0.3,0.4,0.8,0.09,0.8,0.9,0.49,0.69,0.11,0.5,0.3,0.5,0.6,0.9,0.5,0.3,0.39,0.71,0.8,1,0.6,0.7,1,0.3,0.3,0.3,0.75,0.39,0.6,0.99,0.99,0.99,1,0.333333333333333,1,1,0.5,0.776666666666667
"E3zMBre7EWQqIFWrLWlBW7xF35",0.35,0.4,0.8,0.46,0.72,0.6,1,0.8,0.25,0.01,0.25,0.59,0.65,0.67,0.34,0.37,0.4,0.79,0.86,0.94,0.35,0.33,0.32,0.46,0.54,0.51,0.725,0.71,0.52,0.85,0.99,0.95,1,1,1,0,0.666666666666667,0.76469696969697
"ZT0jyke8Yvldqb506vgclgoazI",0.12,0.19,0.7,0.3,0.94,0.7,0.2,0.82,0.3,0.75,0.23,0.6,0.72,0.8,0.79,0.87,0.94,0.7,0.8,0.9,0.4,0.46,0.55,0.4,0.46,0.54,0.995,0.99,0.95,1,0.95,0.95,1,1,1,1,1,0.985
"MHzEVEOUqQdyi9lBwTBhVZB0yz",0.79,0.8,0.8,0.6,0.7,0.8,0.49,0.5,0.59,0.59,0.59,0.7,0.69,0.69,0.7,0.7,0.7,0.8,0.8,0.79,0.69,0.7,0.7,0.78,0.78,0.7,0.305,0.0099999999999999,0.0999999999999999,0.61,0.92,0.91,0.0917517095361369,0.5,0.0917517095361369,0.908248290463863,0.0917517095361369,0.412591219915661
"CZ6NQEOfRqsY44RJ2lktZVRGRA",0.01,0.08,1,0,1,0.6,0.89,0.5,0.5,0.04,0.47,0.69,0.9,1,0.4,0.51,0.7,0.59,0.7,0.99,0.69,0.81,1,0.4,0.51,0.8,0.955,0.91,0.92,0.9,0.93,0.97,1,1,1,1,1,0.962272727272727
"o9cl9d8I9GR8WwsVdnJfEPnqyR",0.48,0.4,0.42,0.4,0.4,0.46,0.44,0.43,0.44,0.41,0.46,0.44,0.5,0.44,0.46,0.43,0.47,0.4,0.43,0.49,0.48,0.49,0.47,0.51,0.47,0.51,0.85,0.52,0.58,0.9,0.85,0.89,0.5,0.666666666666667,1,0.333333333333333,0.5,0.69
"TmDcNAe6FRG5OYjfe8OcTpBEk5",0,0,1,0,1,0,1,1,0,0,0,0.7,0.8,0.89,0.2,0.3,0.49,1,1,1,1,1,1,1,1,1,1,1,1,0,1,1,1,1,0.5,0.5,0.5,0.772727272727273
"wgxtKbDhWVjtCDxLrkIFfBb763",0.07,0.42,0.75,0.23,0.93,0.92,0.4,0.86,0.18,0.71,0.35,0.56,0.63,0.72,0.04,0.12,0.24,0.73,0.87,0.99,0.75,0.87,0.99,0.71,0.75,0.83,0.88,0.74,0.76,0.9,0.89,0.79,1,1,1,1,1,0.905454545454546
"Gs5GNIfI1EsQ3Ful5CBfylBy21",0,0.1,1,0.04,1,1,0.5,0.8,0.1,0.8,0.3,0,0,0,0.8,0.89,1,0.7,0.91,1,0.6,0.71,1,0.81,0.89,0.96,0.95,0.94,0.9,0.9,0.7,0.9,0.5,1,1,1,1,0.89
"N5lNa4Sc3baOKPmS2V3PK3Wbf2",0.19,0.2,0.3,0.59,0.69,0.6,0.42,0.29,0.31,0.5,0.69,0.81,0.61,0.43,0.44,0.32,0.43,0.71,0.59,0.62,0.54,0.38,0.39,0.51,0.44,0.33,0.845,0.8,0.81,0.91,0.92,0.98,0,0.333333333333333,0.333333333333333,0.333333333333333,0,0.569545454545455
"2TBHnZOJUYj0MYZrQRly55DXIe",0.09,0.13,0.94,0,0,0.89,0.89,0.49,0.05,0.33,0.17,0.39,0.71,0.9,0.6,0.69,0.8,0.6,0.79,0.94,0.6,0.64,0.69,0.59,0.8,0.99,0.92,0.78,-0.0699999999999998,0.94,0.78,0.66,1,1,1,1,1,0.819090909090909
"4dlMkaMkKa009NZWAw1iqBcwPi",0.69,0.51,0.69,0.61,0.59,0.79,0.59,0.41,0.69,0.59,0.59,0.58,0.51,0.58,0.48,0.49,0.49,0.51,0.49,0.49,0.39,0.5,0.49,0.5,0.49,0.4,0.555,0.41,0.39,0.52,0.82,1,0.5,0.908248290463863,0.0917517095361369,0.666666666666667,0,0.532878787878788
"HSoSwwbH35lqpoIXceM6dQWjth",0.59,0.79,0.49,0.3,0.49,0.89,0.79,0.6,0.29,0.3,0.2,0.09,0.2,0.4,0.9,0.91,0.9,0.85,0.9,1,0.76,0.85,0.93,0.5,0.73,0.84,0.565,-0.0799999999999998,0.21,0.82,0.91,0.8,1,0.5,1,1,1,0.702272727272727
"3y3YlXMmKNewtENV4M3R0mpOWb",0.09,0.26,0.5,0.24,1,1,1,0.5,0,0,0,0.1,0.15,0.2,0.25,0.3,0.35,0,0.25,1,0,0,1,1,1,1,0.925,0.89,0.76,1,1,0.5,1,1,1,0.908248290463863,0.5,0.86211348095126
"0cxe8fZLamHcc6kdd4QgXwISRo",0.29,0.49,0.8,0.03,0.7,1,0.8,0.9,0.29,0.29,0.1,0.2,0.2,0.2,0.79,1,1,0.82,0.99,1,1,1,1,0.4,0.59,0.69,0.71,0.25,0.41,0.71,0.91,1,0.5,0.908248290463863,1,0.5,1,0.718022571860351
"sbHdu8GGTMOpO46g343rinHq9e",0.5,0.61,0.7,0.3,0.41,0.49,0.5,0.61,0.18,0.62,0.6,0.68,0.8,0.91,0.49,0.61,0.71,0.72,0.82,0.99,0.5,0.69,0.9,0.5,0.61,0.66,0.595,0.19,0.0999999999999999,0.67,0.88,0.79,1,1,1,1,1,0.747727272727273
"G5ZBpCO4zXZko6cqwrVDNbgyix",0.09,0.2,0.7,0.3,0.79,0.6,0.3,0.5,0.5,0.4,0.49,0.5,0.49,0.5,0.49,0.59,0.63,0.4,0.55,0.74,0.4,0.64,0.7,0.45,0.66,0.8,0.995,0.99,0.89,0.9,0.7,0.99,0.5,1,1,1,1,0.905909090909091
"7nlmw3BdK1kwluT1CwmeYU4H3t",0,0,1,0,1,0.1,0.3,0.79,0.8,0.19,0.19,0,0.01,0.02,0.25,0.3,0.4,0.78,0.89,1,0.09,0.13,0.74,0.59,0.69,0.8,1,1,1,0.9,0.49,0.98,1,1,1,1,1,0.942727272727273
"NZN7BcYRtWqW3CM7xNuzZODHlk",0.2,0.29,0.2,0.19,0.9,0.82,0.49,0.7,0.31,0.48,0.5,0.5,0.5,0.47,0.18,0.2,0.2,0.57,0.58,0.6,0.79,0.79,0.49,0.52,0.52,0.51,0.845,0.7,0.59,0.87,0.97,0.8,0.0917517095361369,0.908248290463863,1,0.0917517095361369,0.0917517095361369,0.632591219915661
"v0xHEZJAnH2hBk7KYt5bJ1pphi",0.26,0.3,0.52,0.27,0.49,0.64,0.71,0.64,0.16,0.15,0.16,0.64,0.54,0.55,0.76,0.79,0.82,0.74,0.79,0.83,0.55,0.62,0.69,0.76,0.7,0.65,0.96,0.71,0.67,0.8,0.86,0.8,0.333333333333333,1,1,1,0,0.739393939393939
"pdNlWr7CTQH6apW74umDCdw3QH",0.1,0.14,0.98,0.03,0.98,0.98,1,0.96,0.02,0,0,0.55,0.59,0.62,0.01,0.03,0.04,0.89,0.93,0.94,0.98,0.98,0.99,0.95,0.97,0.99,0.89,0.79,0.86,1,1,0.96,1,1,1,0.908248290463863,1,0.946204390042169
"1qqyj3uwoGDwVUhFSx8uq9XZ2k",0.29,0.4,0.89,0.3,1,0.7,1,0.8,0.9,0.4,0.29,0.3,0.5,0.61,0.2,0.3,0.41,0.69,0.8,0.9,0.49,0.71,0.9,0.79,0.9,1,0.71,0.61,0.71,0.4,0.6,0.91,1,1,1,1,1,0.812727272727273
"bdQFUzfoOeMyBEsjMxPAOHZnTY",0.2,0.27,0.68,0.04,0.81,0.8,0.69,0.89,0.2,0.18,0.11,0.24,0.34,0.46,0.19,0.3,0.5,0.59,0.89,1,0.21,0.33,0.57,0.6,0.69,0.8,0.925,0.57,0.86,1,0.87,1,1,1,1,1,1,0.929545454545455
"gtPUi7sqEEoHOD7DLj5gzQtsgx",0.1,0.1,0.8,0.06,0.85,0.63,0.49,0.71,0.39,0.29,0.22,0,0.02,0.02,0.19,0.26,0.34,0.48,0.78,1,0.27,0.43,0.84,0.49,0.4,0.69,1,0.86,0.95,0.98,0.78,0.93,0.908248290463863,1,1,1,0.666666666666667,0.915901359739139
"PCJOjPEaFjLMSe7X9TUJRlYxCO",0.39,0.5,0.6,0.4,0.16,0.41,0.8,0.47,0.69,0.16,0.78,0.11,0.19,0.29,0.1,0.16,0.22,0.19,0.3,0.5,0.1,0.16,0.22,0.29,0.69,0.89,0.755,0.51,0.0599999999999999,0.9,0.96,0.75,1,1,1,1,1,0.812272727272727
"IeeHxA8B20Qf7dqBptd23gQsws",0.31,0.49,0.59,0.29,0.14,0.49,0.3,0.34,0.5,0.88,0.38,0.59,0.69,0.81,0.19,0.23,0.2,0.69,0.8,0.5,0.69,0.7,0.59,0.82,0.68,0.51,0.805,0.49,0.0599999999999999,0.99,0.82,0.72,1,0.666666666666667,0.333333333333333,0.333333333333333,0,0.56530303030303
"G0APNAVl50xWcSR7tOqyClaPyf",0.23,0.36,0.7,0.3,0.69,0.7,0.5,0.65,0.35,0.5,0.39,0.19,0.2,0.35,0.4,0.55,0.62,0.66,0.89,1,0.49,0.49,0.7,0.6,0.69,0.85,0.855,0.71,0.63,0.95,1,0.96,1,1,1,0.908248290463863,1,0.910295299133078
"9BIZx07jE4Ef90AedDSlXVBssn",0.03,0.29,0.99,0.04,0.96,0.77,0.76,0.99,0.22,0.18,0.03,0.56,0.57,0.67,0.48,0.53,0.59,0.86,1,1,0.71,0.82,0.98,0.2,0.72,0.73,0.845,0.72,0.68,0.99,0.94,0.98,1,1,0.908248290463863,1,1,0.914840753678533
"61lVwkrbPKX7s3Sky5R1eGbANB",0.79,0.6,0.29,0.79,0.21,0.9,0.3,0.9,0.05,0.88,0.06,0.19,0.25,0.36,0.41,0.5,0.7,0.69,0.86,1,0.5,0.69,0.88,0.9,0.76,0.83,0.66,0.4,0.32,0.95,0.82,0.96,1,1,1,1,0.333333333333333,0.767575757575758
"b9CoBZdE1dRpzYftOrE2yXFZxW",0.09,0.09,0.8,0.2,0.89,1,1,0.94,0,0,0.09,0.5,0.75,0.95,0.01,0.03,0.05,1,1,1,0.25,0.35,1,0.05,0.08,0.11,0.99,0.98,1,1,1,0.97,1,1,0.5,1,1,0.949090909090909
"fKyu5qyHKrGbQNZ5V22Ujidtu2",0.22,0.27,0.94,0.11,1,0.81,0.72,0.87,0.4,0.23,0.28,0.06,0.17,0.25,0.46,0.48,0.56,0.21,0.83,1,0.84,1,1,0.31,0.39,0.46,0.785,0.62,0.79,0.79,0.95,0.85,1,1,1,0.908248290463863,1,0.881204390042169
"kjTfRJQho7ynOHWmgLuFGqcZAa",0.08,0.09,1,0.02,0.89,0.88,0.69,0.8,0.37,0.41,0.3,0.2,0.29,0.36,0.1,0.17,0.18,0.11,0.23,0.73,0.19,0.23,0.61,0.24,0.32,0.24,0.915,0.85,0.8,0.75,0.9,0.9,1,1,1,1,0.5,0.874090909090909
"HzkqNoBV9xN7djmp8KYHcQGVQT",0.2,0.3,0.49,0.49,0.5,0.89,0.09,0.78,0.1,0.09,0.09,0.59,0.79,0.89,0.3,0.4,0.5,0.19,0.89,1,0.3,0.68,1,1,1,1,0.995,0.99,0.71,0.99,0.18,0.87,1,1,1,1,0.5,0.839545454545454
"FVXXyUR8N57I32gsI0a7uQIcQ7",0,0.01,0.95,0,1,1,1,0.8,0,0,0.14,0.16,0.24,0.27,0.06,0.07,0.09,0.05,0.14,0.78,0.17,0.24,0.75,1,0.84,0.74,0.98,0.99,0.96,1,1,0.94,1,1,1,1,0,0.897272727272727
"FuMnwfdgQxu7LrKtZgvslbjX9q",0.1,0.2,0.8,0.1,1,0.91,0.19,0.6,0.1,1,0.09,0.89,0.89,1,0.5,0.69,0.69,0.89,1,1,1,1,1,0.8,0.8,0.8,0.95,0.8,1,0.99,0.81,0.69,0.908248290463863,0.908248290463863,0.908248290463863,0.5,0.5,0.814976806490144
"M3QkqwsGG89cfZHwg8LJX8Bq8F",0.2,0.3,0.9,0.39,0.8,0.7,0.9,0.8,0.4,0.4,0.63,0.3,0.4,0.49,0.4,0.5,0.7,0.8,0.59,0.7,0.5,0.39,0.79,0.3,0.4,0.4,0.8,0.89,0.6,0.9,0.7,0.57,1,1,0.333333333333333,0.666666666666667,0.908248290463863,0.760749844587624
"oeHqGz00MABds0ueuvAhHv2B7f",0.2,0.3,0.5,0.5,0.79,0.97,1,0.98,0.01,0,0.03,0.09,0.2,0.25,0.1,0.19,0.35,0.8,0.95,1,0.74,0.84,1,0.1,0.15,0.19,1,1,0.99,0.98,1,0.99,1,1,1,1,1,0.996363636363636
"MNyIE31KbTEqCZOUsiD7W0U3Fe",0,0.3,0.99,0.02,1,0.7,0.9,0.9,0.1,0.3,0.1,0.9,0.9,0.9,0.1,0.8,0.9,1,1,1,0.8,0.9,1,1,1,1,0.855,0.72,0.71,0.8,0.8,1,0.5,1,0.5,1,0.5,0.762272727272727
"F1jX5a1fyhOmMSGGJ09OiO1Fjy",0,0,1,0,1,0.8,0.8,1,0.2,0.2,0,0.4,0.39,0.39,0,0.1,0.2,0.7,0.8,1,0.4,0.5,1,0.5,0.51,0.5,1,1,1,1,1,1,0.0917517095361369,1,1,1,0.5,0.871977428139649
"XyLJWymItQkYtW0DIEV6NehQSR",0.24,0.26,0.74,0.2,0.98,0.62,0.71,0.73,0.39,0.34,0.35,0.73,0.84,0.95,0.27,0.35,0.41,0.56,0.67,1,0.63,0.62,0.7,0.44,0.58,0.77,0.88,0.7,0.98,0.99,0.95,0.92,1,1,1,0.666666666666667,1,0.916969696969697
"gAE2vR87PHDrVwMvMSPhZ6AYWV",0.3,0.01,0.98,0.01,0.99,0.79,0.65,0.31,0.29,0.37,0.34,0.72,0.87,0.94,0.29,0.4,0.52,0.6,0.77,0.75,0.21,0.26,0.74,0.71,0.64,0.65,0.855,0.7,1,0.92,0.98,0.65,1,1,0.666666666666667,1,0.333333333333333,0.827727272727273
"44xwQio3fW3tYg3htRNjpHY5VQ",0,0,1,0,1,0.8,0.2,0.91,0.19,0.79,0.09,0.3,0.29,0.29,0.38,0.49,0.7,1,1,1,0.5,0.5,0.69,0.78,0.8,0.8,1,1,1,0.99,0.99,1,0.0917517095361369,1,0.5,0.908248290463863,0.908248290463863,0.853477117314897
"p5bY6MRaajBlnoMdRAvyO5gMIh",0.51,0.69,0.76,0.1,0.96,0.78,0.4,0.98,0.21,0.13,0.04,0.6,0.76,0.85,0.53,0.7,0.84,0.38,0.29,0.78,0.26,0.47,0.71,0.39,0.48,0.62,0.52,-0.0999999999999999,0.51,0.99,0.53,0.98,1,1,0.666666666666667,1,1,0.736060606060606
"KUD1kf6hnb3NShner2z1iesdGV",0.28,0.33,0.83,0.23,0.9,0.66,0.74,0.65,0.5,0.37,0.37,0.5,0.51,0.55,0.3,0.36,0.45,0.55,0.69,0.56,0.5,0.6,0.57,0.64,0.63,0.63,0.78,0.62,0.74,0.84,0.89,0.98,1,1,0.666666666666667,0.666666666666667,0.0917517095361369,0.752280458442679
"la8x8AdnYUHaEan01UUEsEl0S7",0.2,0.31,0.6,0.42,0.7,0.39,0.2,0.39,0.59,0.69,0.55,0.57,0.49,0.4,0.46,0.56,0.58,0.6,0.75,0.79,0.43,0.37,0.57,0.57,0.64,0.72,0.945,0.91,0.79,0.98,0.89,0.94,0,1,1,0.666666666666667,1,0.829242424242424
"CftPJFR3yijEMNwpuvLEHE8vV1",0.4,0.5,0.6,0.59,0.39,0.43,0.51,0.5,0.53,0.51,0.67,0.38,0.3,0.29,0.39,0.39,0.5,0.33,0.38,0.5,0.48,0.59,0.58,0.41,0.4,0.5,0.75,0.69,0.29,0.96,0.98,0.83,0,0.908248290463863,1,0.666666666666667,0.666666666666667,0.703780147617927
"a19rHSdiFVGUooGIpt4JTlm8rU",0.6,0.76,0.72,0.65,0.84,1,0.2,0.53,0,0.8,0.49,0.85,0.9,0.91,0.14,0.15,0.17,0.94,1,1,0.74,0.75,1,0.98,1,1,0.46,0.29,0.36,1,1,0.98,1,1,0.908248290463863,1,0.908248290463863,0.809681507357066
"1ZpoTHwtV5ZupDMh0yOraaMYTG",0.1,0.1,0.79,0.2,0.9,0.9,0.7,0.8,0.1,0.3,0.19,0.01,0.03,0.05,0.01,0.03,0.05,0.5,0.94,0.99,0.36,0.8,0.94,0.75,0.8,0.84,0.995,1,0.99,1,1,0.99,1,1,1,1,1,0.997727272727273
"3RiQtKgue68aiSeE0OqmSYWM5a",0.25,0.26,0.89,0.23,0.97,0.79,0.95,0.97,0.18,0.17,0.15,0.34,0.38,0.41,0.7,0.79,0.88,0.83,0.9,0.97,0.53,0.74,0.8,0.49,0.88,0.9,0.8,0.72,0.82,0.97,0.88,0.88,1,1,1,1,1,0.915454545454546
"nPHlI0wMezMlr4dlNlYp3MfY8E",0.1,0.4,0.8,0.19,0.89,0.55,0.61,0.83,0.3,0.29,0.22,0.21,0.27,0.36,0.09,0.26,0.42,0.7,0.79,1,0.24,0.35,0.85,0.21,0.32,0.48,0.85,0.69,0.69,0.85,0.9,0.95,1,1,1,1,1,0.902727272727273
"4OtEHqpMuSDZL9IlNUTQwhtVKj",0.09,0.2,0.57,0.36,0.89,0.9,1,1,0.09,0.01,0.01,0.1,0.18,0.21,0.21,0.3,0.41,0.77,1,1,0.29,0.6,0.79,1,1,1,0.93,0.93,0.88,0.99,0.99,0.99,1,1,0.908248290463863,1,0.5,0.919840753678533
"h5ksrMHPeb25v21INaHw13aWWi",0.1,0.15,1,0.15,1,0.97,0,0.9,0.02,1,0.1,0.14,0.45,0.59,0.49,0.7,0.89,0.5,0.79,0.98,0.44,0.74,0.96,0.69,0.86,0.99,0.875,0.9,0.85,0.99,1,1,1,1,1,1,1,0.965
"iryqg2FDANfoL7xlBeKUYDqcKu",1,0.28,0,1,0.2,0.5,0.69,0.5,0.49,0.69,0.41,0.61,0.81,1,0.5,0.8,0.91,0.9,0.89,1,0.5,0.6,0.69,0.71,0.69,0.5,0.86,0.72,0.92,0.99,0.62,0.91,1,1,0.666666666666667,1,0,0.78969696969697
"tVl9wKrTWCE8Y7ijKl9xEdIaND",0.3,0.6,0.8,0.4,1,0.5,0.8,0.9,0.4,0.1,0.11,0.4,0.49,0.59,0.03,0.04,0.07,0.9,0.92,0.99,0.06,0.24,0.14,0.8,0.69,0.6,0.65,0.5,0.6,0.9,0.9,0.99,1,1,1,0.666666666666667,0,0.746060606060606
"YJ63tjptRqcgtWZK5dl5LsZEXS",0.09,0.11,0.8,0.12,0.81,0.8,0.49,0.8,0.2,0.5,0.25,0.36,0.5,0.71,0.6,0.69,0.81,0.6,0.7,0.81,0.49,0.58,0.64,0.49,0.49,0.49,1,0.92,0.9,1,0.99,0.95,1,1,1,1,0.5,0.932727272727273
"NCKDXsjU7cHV4OrBkf6dv3smaO",0.06,0.06,0.05,0.04,0.9,1,0.81,0.5,0,0.2,0.5,0.7,0.8,0.9,0.3,0.4,0.5,0.8,0.89,1,0.7,0.8,0.94,0.6,0.7,0.9,0.585,0.92,0.21,1,0.99,1,1,1,1,1,1,0.882272727272727
"38UmwceLQSVBDc9Bq9NbqvPOgS",0.05,0.06,0.95,0.02,0.97,0.94,0.06,0.05,0,0,0.1,0.14,0.24,0.34,0.06,0.1,0.2,0.5,0.9,1,0.05,0.24,0.75,1,1,1,0.97,0.91,0.96,0.94,0.0600000000000001,0.15,1,1,1,1,0.5,0.771818181818182
"QriUwHaeUaMM3Ux3cw7VRWzQiC",0.3,0.29,0.89,0.09,0.9,0.8,0.9,0.8,0.19,0.2,0.14,0.29,0.4,0.5,0.7,0.69,0.8,0.89,0.98,1,0.6,0.71,1,0.9,0.94,0.99,0.76,0.5,0.72,0.99,0.9,0.94,1,0.666666666666667,1,1,1,0.861515151515152
"JSDE68T8aypcDZUKRyPMs9hgmo",0.29,0.48,0.66,0.44,0.7,1,0.9,0.82,0.04,0,0.09,0.68,0.81,0.91,0.09,0.2,0.29,1,1,1,0.69,0.79,1,1,1,1,0.785,0.67,0.56,0.96,0.9,0.91,1,1,0.5,1,0.5,0.798636363636364
"SaQlC9hE9OsuJq9ZSf2sTFXwUo",0.39,0.41,0.79,0.4,0.9,0.9,0.89,0.7,0.05,0.02,0.03,0.7,0.75,0.81,0.49,0.53,0.59,0.5,0.9,1,0.43,0.51,0.65,0.6,0.66,0.85,0.705,0.6,0.7,0.95,0.91,0.73,1,1,1,1,1,0.872272727272727
"sTAZtqFJCtX8uoGNdvJTzcZ3qt",1,1,1,1,1,1,1,1,0,0,0,0.59,0.63,0.7,0.79,0.85,0.9,0.69,0.87,1,0.5,0.6,0.72,0,0.1,0.29,0,0,0,1,1,1,1,1,1,1,1,0.727272727272727
"WSglRicKJJWdyrWzqLS3yN4nS4",0.39,0.6,0.71,0.29,0.6,0.49,0.1,0.29,0.39,0.8,0.7,0.8,0.89,0.98,0.4,0.5,0.6,0.7,0.6,0.29,0.59,0.48,0.19,0.9,0.95,1,0.65,0.3,0.29,0.88,0.9,0.99,1,1,0,0,1,0.637272727272727
"Tjhn6jZbe9ifvP7bbFTUKvmR8d",1,1,1,1,1,1,1,1,0,0,0,0.03,0.01,0.02,1,0.79,1,1,1,1,0.09,0.09,0.19,1,1,1,0,0,0,1,1,1,0.333333333333333,0.5,0.5,0.908248290463863,0.5,0.521961965799745
"RfOzfLl5wItGscTg2HtbDw8R2B",0.4,0.51,0.64,0.24,0.82,0.38,0.68,0.74,0.67,0.26,0.25,0.69,0.78,0.91,0.56,0.63,0.72,0.81,0.91,0.88,0.84,0.87,0.88,0.67,0.74,0.82,0.725,0.33,0.67,0.95,0.94,0.99,1,1,0.666666666666667,1,1,0.842878787878788
"oDPrb4oB7ChKhHdu1LOUMcjzfF",0.1,0.3,0.8,0.2,1,0.6,0.5,0.6,0.39,0.4,0.3,0.19,0.3,0.4,0.41,0.6,0.71,1,1,1,0.3,0.39,0.5,0.49,0.6,0.69,0.9,0.8,0.9,0.99,0.9,0.9,1,1,0.5,1,1,0.899090909090909
"aD0IShYXczfagjfK4sx7mKMNTJ",0.2,0.1,0.7,0.3,0.8,0.49,0.4,0.6,0.5,0.6,0.39,0.29,0.5,0.7,0.24,0.6,0.76,0.65,0.85,0.97,0.55,0.65,0.79,0.8,0.9,1,1,1,1,0.99,1,0.99,1,1,1,1,1,0.998181818181818
"lTYUlbJy1cQafsVm9YcaiXA9XD",0.12,0.33,0.53,0.43,0.55,0.79,0.6,0.71,0.32,0.27,0.26,0.3,0.36,0.45,0.89,0.92,0.95,0.76,0.97,0.99,0.3,0.41,0.57,0.69,0.75,0.81,0.99,0.98,0.69,0.89,0.87,0.97,1,1,1,1,1,0.944545454545455
"sIu88gQdGwPerVLw9BibV8l8i7",0.26,0.4,0.76,0.38,0.74,0.8,0.66,0.68,0.2,0.39,0.36,0.39,0.3,0.23,0.4,0.53,0.63,0.66,0.73,0.82,0.36,0.27,0.21,0.51,0.52,0.53,0.79,0.72,0.58,1,0.95,0.96,0,1,1,0,1,0.727272727272727
"mhd9G7AKYkzOqfvmCO3sndg292",0.35,0.29,0.35,0.65,0.65,0.79,0.8,1,0.24,0.24,0,0.25,0.4,0.6,0.05,0.1,0.12,1,1,1,0.3,1,1,1,1,1,0.995,0.99,0.99,0.97,0.96,1,1,1,0.5,0.908248290463863,0.5,0.89211348095126
"n8PDqL1IFVXn1WZ6w0X41ZX163",0.5,0.31,0.42,0.39,0.41,0.39,0.5,0.49,0.3,0.4,0.32,0.59,0.62,0.45,0.52,0.6,0.61,0.6,0.42,0.64,0.42,0.58,0.28,0.55,0.47,0.63,0.885,0.58,0.68,0.69,0.9,0.81,0.333333333333333,1,0.666666666666667,0.333333333333333,0.666666666666667,0.685909090909091
"CC2biVSNgQFMIbtAYx6A2NqJAo",0.01,0.89,0.99,0.91,1,0.99,0.4,0.7,0.7,0.5,0.3,0.1,0.12,0.14,0.69,0.72,0.79,0.28,0.6,0.7,0.1,0.16,0.23,1,1,1,0.555,0.99,0.12,0.31,0.9,1,1,1,1,1,0.5,0.761363636363636
"85NNhQePhWcSB5Ef9IFwrwGzvx",0.46,0.37,0.8,0.62,0.84,0.78,0.8,0.9,0.2,0.37,0.4,0.2,0.19,0.2,0.59,0.69,0.8,0.98,0.96,1,0.96,0.98,0.99,0.5,0.49,0.5,0.685,0.79,0.67,0.98,0.83,0.7,0.5,1,0.666666666666667,1,0.5,0.756515151515151
"W59mVhF5kGd45pUCOIzlEBA0k6",0.23,0.8,0.49,0.13,0.89,0.1,0.8,0.49,0.3,0.3,0.5,0.4,0.4,0.5,0.2,0.26,0.3,0.29,0.8,0.94,0.4,0.59,0.6,0.65,0.8,0.9,0.74,0.1,0.6,0.4,0.9,0.99,0.908248290463863,1,1,1,1,0.785295299133078
"DCe2tkT5AzEOIPkCCBL1XSUl2o",0.1,0.19,0.7,0.01,0.78,0.69,0.1,0.6,0.09,0.8,0.2,0.1,0.3,0.5,0.1,0.19,0.5,0.7,0.89,1,0.2,0.7,1,0.6,0.49,0.39,0.995,0.72,0.89,0.78,0.9,0.8,1,1,1,1,0,0.825909090909091
"Np9xBdnXrqDKe1Mr2PbhL3eUe4",0.62,0.2,1,0.21,1,0.12,0.89,0.72,0.4,0.23,0.11,0.3,0.14,0.75,0.32,0.48,0.73,0.38,0.7,0.94,0.78,0.29,1,0.12,0.31,0.62,0.59,0.39,0.8,0.52,0.88,0.83,0.666666666666667,1,1,0.666666666666667,1,0.758484848484848
"WcEJzYU0i1JS6CwcuEDO43YjmG",0.8,0.8,0.8,0.8,0.5,0.3,0.5,0.79,0.9,0.9,0.79,0.6,0.7,0.81,0.7,0.8,0.9,0.79,0.85,0.92,0.8,0.89,0.95,0.69,0.69,0.75,0.3,0.2,-0.1,0.8,0.6,0.42,1,1,1,1,0.908248290463863,0.648022571860351
"SaCxndCwwj1N4FnXUGloAFFobG",0.29,0.39,0.5,0.3,1,0.49,0.49,0.39,0.29,0.4,0.3,0.29,0.59,0.79,0.1,0.29,0.49,0.3,0.49,1,0.5,0.81,1,0.69,0.59,0.79,0.91,0.62,0.89,0.78,0.89,0.69,1,1,1,1,0.666666666666667,0.858787878787879
"xs5M9JXx5a1mSn9a7En1uZJIid",0.1,0.2,0.8,0.11,0.77,1,0.26,0.89,0,0.4,0.25,0.55,0.64,0.67,0.1,0.1,0.1,0.8,1,1,0.8,1,1,0.84,0.84,0.85,0.95,0.81,0.77,1,0.66,0.86,1,0.5,0.908248290463863,0.908248290463863,0.908248290463863,0.843158624671963
"py7jbxE4VPFG6MqqZSDhfuGTDs",0.18,0.29,0.99,0.17,1,0.49,0.59,0.04,0.6,0.7,0.91,0.76,0.8,0.86,0.3,0.4,0.49,0.92,0.97,0.99,0.86,0.89,0.98,0.86,0.83,0.95,0.77,0.7,0.72,0.91,0.71,0.95,1,1,1,1,0.666666666666667,0.856969696969697
"XYoAnrXUalcnsUsBaTB4h3CRRF",0.19,0.49,0.8,0.51,0.89,0.11,0.59,0.7,0.35,0.5,0.21,0.54,0.69,0.87,0.1,0.15,0.19,0.59,0.75,1,0.65,0.75,0.95,0.77,0.77,0.78,0.76,0.83,0.6,0.46,0.91,0.91,1,1,1,1,0.908248290463863,0.852568026405806
"7Lo50E1KVghqWLVlE2E9UJwEs3",0.19,0.11,0.21,0.2,0.9,0.69,0.49,0.49,0.49,0.49,0.49,0.69,0.9,0.89,0.49,0.49,0.49,0.49,0.69,0.79,0.09,0.8,0.6,0.59,0.69,0.7,0.755,0.9,0.42,0.82,0.98,0.98,0.666666666666667,0.5,1,0.666666666666667,1,0.789848484848485
"xZW1wy9omocnP9BGw5v4I2ogM8",0.1,0.21,1,0.14,1,0.59,0.49,0.79,0.31,0.72,0.29,0.51,0.6,0.7,0.8,0.85,0.92,1,1,1,0.89,1,1,0.95,1,1,0.845,0.83,0.79,0.9,0.79,0.92,1,1,0.5,0.908248290463863,0.908248290463863,0.853772416447975
"ymgenUEBtOds3Drr2Ca6mdi0RU",0.3,0.41,0.7,0.4,0.8,0.3,0.81,0.7,0.2,0.71,0.3,0.6,0.7,0.5,0.2,0.5,0.71,0.8,0.7,0.9,0.6,0.9,0.93,0.9,0.7,0.91,0.795,0.69,0.69,0.5,0.48,1,0.333333333333333,1,0.666666666666667,1,0.666666666666667,0.711060606060606
"wOISDZ8vBL1ppIeW2045LrerkE",0.1,0.36,0.31,0.49,0.46,0.28,0.15,0.3,0.57,0.37,0.63,0.34,0.62,0.35,0.66,0.35,0.52,0.33,0.27,0.54,0.24,0.18,0.46,0.34,0.44,0.26,0.885,0.97,0.79,0.85,0.52,0.93,0.666666666666667,0.333333333333333,0.666666666666667,0.666666666666667,0.333333333333333,0.691969696969697
"eCKfWPXWkRiVuq2kkuIbx1yRGu",0,0.19,0.5,0.49,1,0.8,0.5,1,0.2,0.5,0,0.3,0.39,0.5,0.1,0.29,0.5,0.5,0.9,1,0.5,0.7,0.9,0,0,0,0.845,0.7,0.69,1,1,1,1,1,1,1,0.5,0.885
"a4Q52JjaFUDKIfJLEVZIhEE7kN",0.5,0.3,0.69,0.3,0.69,0.69,0.1,0.5,0.8,0.9,0.5,0.3,0.2,0.09,0.69,0.8,0.89,1,1,1,0.7,0.7,0.8,0.81,0.9,1,0.755,0.5,0.7,0.51,1,1,0,1,0.5,0.908248290463863,1,0.715749844587624
"ltoSq8KHmp8mwGFWsxU8IWO6tD",0.3,0.1,0.98,0.04,0.98,0.8,0.78,0.51,0.21,0.22,0.25,0.79,0.84,0.92,0.4,0.51,0.68,0.4,0.76,0.98,0.63,0.71,0.79,0.41,0.29,0.59,0.81,0.64,0.9,0.99,1,0.76,1,1,1,1,0.666666666666667,0.887878787878788
"YJK8dIrX6UyhA3Si9oOcCZjAOY",0.19,0.29,0.79,0.2,0.9,0.7,0.8,0.71,0.19,0,0.3,0.49,0.7,0.8,0.3,0.6,0.8,0.7,0.99,0.99,0.4,0.68,0.84,0.7,0.84,0.99,0.865,0.72,0.82,0.89,0.8,0.99,1,1,0.908248290463863,1,1,0.908477117314897
"ShOqtka9hBXBcV86RDxKNKbUvv",0.09,0.21,0.68,0.29,0.18,0.89,0.99,0.8,0.1,0.01,0.31,0.59,0.71,0.79,0.65,0.74,0.9,0.79,1,1,0.29,0.39,0.79,0.78,0.88,0.99,0.99,0.99,0.29,0.99,1,0.89,1,1,0.908248290463863,1,1,0.914386208223988
"B0Ql7N8xcM4tYXiFxu1XuUpbgP",0,0.15,0.69,0.22,0.74,0.51,0.55,0.58,0.45,0.41,0.43,0.55,0.71,0.84,0.48,0.59,0.66,0.67,0.8,1,0.54,0.69,1,0.55,0.69,0.85,0.92,0.93,0.9,0.96,0.96,0.99,1,1,1,1,1,0.969090909090909
"kf9NAQaqzk77HcPbq0DI2ga0AG",1,1,1,1,1,0.8,0.42,0.51,0.21,0.8,0.51,0.65,0.49,0.9,0.49,0.69,0.8,1,0.81,1,0.8,0.94,0.95,0.95,1,1,0,0,0,0.99,0.78,0.98,0.666666666666667,1,0.5,1,0.908248290463863,0.620446814284594
"ej51TZSS31SzLdNOEOsvRfqW94",0.29,0.32,0.62,0.2,0.69,1,1,0.8,0.12,0.17,0.07,0.59,0.8,0.91,0.11,0.31,0.52,1,1,1,0.31,1,1,0.6,0.72,0.92,0.885,0.59,0.75,0.88,0.83,0.87,1,1,0.5,0.908248290463863,1,0.837568026405806
"sfSsH6WXHt4x9DkL6MOfvTpgni",0,0.2,1,0,1,0,0.59,0.49,1,0.39,0.2,0.79,1,1,0.69,0.79,0.9,1,1,1,0.2,0.59,0.8,0.59,0.7,0.49,0.9,0.8,0.8,1,0.98,0.69,0.908248290463863,1,0.5,1,0.333333333333333,0.810143783981563
"Mw8OshkcRay9bkaPYocdIKTc6S",0.1,0.29,0.69,0.1,0.96,0.7,0.19,0.89,0.29,0.69,0.19,0.04,0.09,0.12,0.25,0.49,0.75,0.77,0.89,0.98,0.29,0.46,0.59,0.74,0.84,0.91,0.96,0.71,0.98,0.99,0.88,0.92,1,1,1,1,1,0.949090909090909
"tQ5OKZAAc3cxuXpc6pc61fNUez",0.65,0.76,0.79,0.86,0.91,0.83,0.61,0.91,0.61,0.66,0.65,0.28,0.52,0.71,0.55,0.75,0.86,0.9,0.99,1,0.93,0.96,0.99,0.9,0.93,0.9,0.4,0.45,0.36,0.56,0.73,0.44,1,1,1,1,0.5,0.676363636363636
"2HP5i426Yn85eYrxkfzNiY2Hnh",0.3,0.4,0.9,0.6,1,0.99,0.8,0.9,0.31,0.21,0.3,0.5,0.59,0.6,0.3,0.3,0.4,0.89,0.99,0.99,0.99,0.9,1,0.9,0.8,0.7,0.7,0.9,0.7,0.7,0.99,0.8,1,0.908248290463863,0.908248290463863,0.666666666666667,0,0.752105749781308
"kYrqtLvACktr7uDAUd4x7Qg9X5",0.61,0.48,0.52,0.52,0.62,0.71,0.5,0.81,0.51,0.5,0.5,0.69,0.81,0.9,0.5,0.6,0.73,0.68,0.73,0.95,0.7,0.79,0.93,0.79,0.82,0.83,0.695,0.43,0.62,0.78,1,0.69,1,1,1,1,1,0.837727272727273
"mAJ6Q8hXkk3N36SATgPIaTluPr",0.53,0.41,0.77,0.49,0.61,0.52,0.41,0.4,0.41,0.52,0.54,0.52,0.34,0.38,0.47,0.4,0.44,0.68,0.64,0.67,0.74,0.72,0.79,0.85,0.72,0.74,0.645,0.55,0.43,0.93,0.93,0.94,0.333333333333333,0.333333333333333,0.333333333333333,0.666666666666667,0.333333333333333,0.584090909090909
"lQXvpDsk81UCBfymYedDgwuBk4",0.09,0.12,0.6,0.01,0.84,0.72,0.49,0.61,0.1,0.52,0.49,0.2,0.38,0.5,0.18,0.23,0.33,0.69,0.87,1,0.1,0.15,0.6,0.78,0.86,0.9,0.905,0.8,0.88,0.82,0.99,0.9,1,1,1,1,1,0.935909090909091
"3QLtxVOUyNYm5U3Keh4K9HgkQT",0.49,0.5,0.5,0.5,0.48,1,1,0.79,0.01,1,0.03,0.4,0.59,0.6,0.03,0.03,0.04,0.7,0.89,0.9,0.7,0.69,0.7,1,1,0,0.755,0.51,0.48,0.99,0,0.82,1,0.908248290463863,1,0.5,0.0917517095361369,0.641363636363636
"QAcxnX5whLezD6eIXggzl4ullf",0.06,0.13,0.88,0.15,0.93,0.67,0.66,0.88,0.35,0.5,0.09,0.62,0.88,0.94,0.71,0.87,0.94,0.96,0.97,0.97,0.73,0.81,0.93,0.53,0.68,0.86,0.965,0.96,0.92,0.98,0.84,0.97,1,1,0.908248290463863,1,1,0.958477117314897
"oYAkY64ZPxVP8jZXPLzoWR1TIF",0.6,0.69,0.74,0.59,0.87,0.89,0.84,0.72,0.3,0.12,0.36,0.69,0.83,0.93,0.59,0.69,0.84,0.75,0.89,1,0.65,0.84,1,0.69,0.76,0.85,0.485,0.3,0.44,0.81,0.96,0.92,1,1,1,1,1,0.810454545454545
"i5UFDkXnaRVysYE6L1vvl2d9bc",0.2,0.29,0.69,0.24,0.75,0.75,0.59,0.69,0.34,0.39,0.29,0.39,0.44,0.49,0.19,0.24,0.34,0.74,0.84,0.95,0.54,0.59,0.62,0.44,0.59,0.79,0.91,0.75,0.77,0.91,0.98,0.98,1,1,1,1,1,0.936363636363636
"iaPzG0A5rMoHOvJtyXEIWXHKDL",0.04,0.08,0.92,0.07,0.96,0.36,0.63,0.8,0.65,0.41,0.21,0.66,0.8,0.89,0.29,0.47,0.67,0.72,0.96,1,0.66,0.92,1,0.65,0.73,0.81,0.98,0.95,0.96,0.99,0.96,0.99,1,1,1,1,1,0.984545454545455
"WoXID0e60IrzLgZLJTAzWgmSW6",1,1,1,1,1,0.49,0.7,1,0.19,0.78,0.11,0.2,0.25,0.31,1,1,1,1,1,1,0.38,0.54,0.74,1,1,1,0,0,0,0.68,0.52,0.89,1,0.5,0.5,1,0.5,0.508181818181818
"bwAULxMY0L3SOhm8qpne9PSsQm",0,0.06,0.95,0,1,0.83,0.6,0.87,0.24,0.42,0.29,0.53,0.67,0.73,0.05,0.08,0.11,0.31,1,1,0.36,0.49,1,1,0.85,0.84,0.995,0.94,0.99,0.93,0.98,0.84,1,1,0.908248290463863,1,0,0.871204390042169
"h7IGMblze4pzx90AIOtKmypykJ",0.7,0.8,0.89,0.09,0.89,0.89,0.1,0.2,0.02,0.89,0.89,0.29,0.29,0.29,0.29,0.3,0.3,0.6,0.9,1,0.29,0.2,0.99,0.79,0.89,1,0.305,-0.41,0.2,0.91,0.99,0.91,0.5,0.908248290463863,1,0.666666666666667,1,0.634537723375503
"RG5rAKXpPZmVtoqMNOtz3ueiqJ",0.04,0.13,0.95,0.16,0.95,0.34,0.66,0.81,0.62,0.41,0.24,0.61,0.81,0.91,0.88,0.94,0.97,0.8,0.85,0.89,0.62,0.72,0.8,0.28,0.44,0.4,0.94,0.99,0.87,0.96,0.93,0.95,1,1,1,1,0.666666666666667,0.936969696969697
"WHXNDeR81qN9QnztFhsE8rEyGB",0.06,0.15,0.7,0.19,0.8,0.5,0.4,0.71,0.46,0.25,0.3,0.6,0.7,0.85,0.05,0.08,0.08,0.65,0.96,1,0.49,0.59,0.93,0.5,0.6,0.71,0.955,0.98,0.95,0.96,0.65,0.99,1,0.908248290463863,1,1,1,0.944840753678533
"FRfSS395qilOmE8PV7CzzzunT4",0.2,0.3,0.5,0.49,0.7,0.6,0.39,0.7,0.4,0.59,0.3,0.39,0.5,0.7,0.6,0.7,0.8,1,1,1,0.4,0.5,1,0.19,0.31,0.4,1,0.99,0.9,1,0.98,1,1,1,0.5,1,1,0.942727272727273
"MZD1woFNVuMp7ONLMtXW39RH56",0.31,0.2,1,0.38,1,0.6,1,0.51,0.7,0,0.48,0.6,0.79,0.9,0.39,0.5,0.59,0.91,1,1,0.59,0.59,0.85,0.89,0.97,1,0.745,0.87,0.8,0.7,1,0.99,1,1,0.908248290463863,0.908248290463863,1,0.901954234629793
"fdhE1rz3Dp82IqkvQoJzNgeKnK",0.38,0.27,0.78,0.19,0.9,0.5,0,0.79,0.46,1,0.49,0.78,0.81,0.89,0.29,0.28,0.27,0.91,1,1,0.81,0.81,1,0.9,0.79,0.5,0.785,0.54,0.85,0.96,1,0.72,1,0,0.908248290463863,0.908248290463863,0,0.697408780084339
"Yrjye41coTNZrLhSpwCKRX0Xx9",0.2,0.1,0,0,0,0.3,0,0.9,0.9,1,0.1,0,0,0,0,0,0,0,0,0,0,0,0,0,0,0,0.65,0.7,0.9,0.8,1,1,0.5,0.5,0.5,0.5,0.5,0.686363636363636
"ismtccbpw2J4d0HWHTJoHAvohW",0.89,0.89,1,0.91,0.89,0.9,0.89,0.49,0.09,0.1,0.49,0.5,0.59,0.7,0.19,0.24,0.29,0.89,0.89,1,0.5,0.59,0.7,0.49,0.6,0.69,0.11,0.13,0,0.99,0.99,0.98,1,1,0.908248290463863,1,1,0.73711348095126
"2fpXdYtjQfN3Qk8xQsh2fxhxut",0.04,0.01,0.9,0.05,0.99,0.79,0.5,0.49,0.19,0.5,0.49,0.3,0.3,0.29,0.29,0.3,0.29,0.49,0.69,1,0.5,0.7,1,0.6,0.6,0.6,0.975,1,0.92,0.98,1,0.98,0.0917517095361369,0.5,1,1,0.5,0.813341064503285
"fQmMgbOfbpK6PH8CaDh057lGp7",0.3,0.51,0.77,0.24,0.85,0.55,0.46,0.65,0.53,0.46,0.45,0.46,0.56,0.4,0.44,0.53,0.39,0.7,0.59,0.62,0.54,0.74,0.5,0.4,0.55,0.61,0.71,0.43,0.57,0.92,0.92,0.9,0.333333333333333,0.333333333333333,0.333333333333333,0.333333333333333,1,0.616666666666667
"4dJPVMak0QqVxygHG63Xpuqvwh",0.16,0.33,0.73,0.34,0.85,0.6,0.46,0.6,0.3,0.59,0.37,0.76,0.88,0.93,0.5,0.58,0.63,0.53,0.68,0.83,0.58,0.69,0.79,0.7,0.82,0.8,0.89,0.85,0.79,0.9,0.95,0.97,1,1,1,1,0.666666666666667,0.910606060606061
"oyxOR55cQDXeapBsc3fZaDDO3f",0.46,0.52,0.79,0.54,0.78,0.81,0.63,0.52,0.37,0.41,0.46,0.36,0.33,0.21,0.31,0.34,0.38,0.73,0.71,1,0.51,0.6,0.83,0.29,0.41,0.4,0.615,0.56,0.47,0.82,0.96,0.98,0,1,0.666666666666667,1,0.666666666666667,0.703484848484848
"p0OTM2UYxRVodD2GSjMf9yFcnz",0,0.05,0.96,0.04,1,0.5,0.62,0.38,0.5,0.79,0.59,0.2,0.6,0.03,0.05,0.11,0.19,0.8,1,1,0.39,0.7,1,0.5,0.69,0.49,0.995,0.99,0.99,1,0.59,0.97,0.333333333333333,1,0.908248290463863,1,0.333333333333333,0.828174087011866
"00hs52Bbsn97IZqlMWL5L34PAd",0.1,0.29,0.69,0.3,0.89,0.69,0.49,0.49,0.09,0.49,0.49,0.2,0.29,0.39,0.49,0.6,0.7,0.7,0.7,0.8,0.49,0.49,0.7,0.49,0.49,0.49,0.96,0.91,0.91,0.78,0.98,0.98,1,1,0.908248290463863,0.908248290463863,0.5,0.894226961902521
"cecdLfxnB55fgLGIzDEOJiuPx8",0.3,0.49,0.48,0.3,0.7,0.3,0.7,0.19,0.79,0.3,0.8,0.1,0.2,0.31,0.5,0.7,0.9,0.7,0.89,0.98,0.7,0.85,0.98,0.88,0.93,0.97,0.865,0.51,0.73,0.91,1,0.99,1,1,1,1,1,0.909545454545455
"PiVOIcvagidsK5l1Jo32CvWCDk",0.2,0.05,0.87,0.04,0.89,0.02,0.03,0.11,0.84,0.69,0.81,0.14,0.24,0.37,0.34,0.42,0.71,0.3,0.53,1,0.31,0.43,0.48,0.36,0.48,0.42,0.94,0.79,0.97,0.86,0.72,0.92,1,1,1,1,0.666666666666667,0.896969696969697
"8Zam9ZRwmYBDh7uymhdQsveTtU",0.89,0.71,1,0.04,0.99,0.61,0.85,0.61,0.59,0.87,0.33,0.57,0.7,0.65,0.48,0.44,0.44,0.9,0.91,0.87,0.81,0.66,0.66,0.61,0.61,0.6,0.2,-0.56,0.28,0.8,0.28,0.94,0.666666666666667,0.0917517095361369,0.333333333333333,0.0917517095361369,0.0917517095361369,0.292295920782583
"WCd7WuXM5laqFwhC1fq8CDJ3s1",0.04,0.37,0.86,0.26,1,1,0.6,0.79,0,0.37,0.09,0.2,0.38,0.5,0.2,0.35,0.51,0.1,0.54,1,0.3,0.8,1,0.5,0.6,0.7,0.865,0.85,0.77,1,0.97,0.88,1,1,1,1,1,0.939545454545455
"bmhjSWCElfJkv1iNryr7i8Hq2t",0.14,0.27,0.89,0.12,0.88,0.92,0.6,0.8,0.79,0.44,0.81,0.59,0.73,0.87,0.5,0.71,0.9,0.36,0.57,0.89,0.19,0.39,0.61,0.34,0.47,0.6,0.85,0.71,0.72,0.29,0.96,0.39,1,1,1,1,1,0.810909090909091
"BsXe2qxOoxxCWSfGzsns5QCbpN",0.6,0.4,0.59,0.49,0.6,0.59,0.26,0.53,0.5,0.69,0.48,0.61,1,0.93,0.5,0.81,0.67,0.69,1,1,0.57,1,1,0.48,0.49,0.59,0.705,0.49,0.61,0.91,0.95,0.99,0.666666666666667,0.666666666666667,0.908248290463863,0.908248290463863,1,0.800439083114642
"K2DYK1M7sDrx5DFRGqGNzfbkn0",0.2,0.14,0.5,0.3,0.4,0.89,0.89,0.6,0.1,0.21,0.29,0.4,0.59,0.69,0.7,0.75,0.8,0.49,0.8,0.85,0.41,0.5,0.6,0.05,0.09,0.19,0.92,0.96,0.76,0.99,0.9,0.89,1,1,1,1,1,0.947272727272727
"8O8iQgMPix5Q8zrbV1BgUkyYVl",0.29,0.49,0.8,0.4,0.73,0.5,0.69,0.69,0.69,0.1,0.2,0.01,0.03,0.05,0.04,0.06,0.08,0.74,0.87,0.96,0.09,0.12,0.15,0.19,0.25,0.32,0.71,0.62,0.44,0.81,0.79,0.89,1,1,1,1,1,0.841818181818182
"A0WuBnHZLp76C0fbYcoC3sEmWc",0,0.19,0.75,0.25,1,0.79,1,0.85,0.09,0,0.19,0.09,0.09,0.08,0.29,0.49,0.79,0.6,0.7,0.96,0.09,0.2,0.69,0.89,0.7,0.71,0.97,0.94,0.94,0.88,1,0.96,0.0917517095361369,1,1,1,0.333333333333333,0.828644094806316
"I6b92yXgrhcb0WaJZq2JqLZK48",0.21,0.32,0.7,0.39,0.79,0.8,0.31,0.49,0.3,0.29,0.5,0.19,0.3,0.4,0.79,0.86,0.9,0.7,0.88,0.99,0.29,0.4,0.89,0.71,0.48,0.9,0.885,0.86,0.77,0.9,0.6,0.99,1,1,1,1,0.666666666666667,0.879242424242424
"AUwBJrzZaVOulPZV1Qu2YC95SI",0.04,0.1,0.77,0.11,1,0.8,0.49,0.5,0.18,0.23,0.5,0.15,0.26,0.34,0.06,0.14,0.28,0.71,0.82,0.96,0.57,0.68,0.79,0.76,0.84,0.95,0.955,0.97,0.87,0.98,0.72,1,1,1,1,1,1,0.954090909090909
"Unu0wt7jHTNY17L6gp3Y8VzQqz",0.1,0.2,1,0.2,1,0.8,0.5,0.91,0.15,0.75,0.1,0.6,0.69,0.8,0.3,0.34,0.4,1,1,1,0.36,0.5,0.7,0.9,0.95,1,0.85,0.9,0.8,0.95,0.75,0.99,1,1,0.5,1,1,0.885454545454545
"QOPl6S4Wp4Kh4I8SBSWdM2imJr",0.2,0.29,0.8,0.1,0.9,0.6,0.5,0.6,0.1,0.5,0.4,0.89,1,1,0.5,0.6,0.7,0.9,1,1,0.3,0.5,1,0.6,0.8,0.7,0.855,0.61,0.81,0.7,1,1,0.908248290463863,1,0.908248290463863,1,0.666666666666667,0.859833022508581
"4kpnY5p9uf9CO3TAELrXdgTcjT",0.05,0,0.86,0.19,0.81,0.79,0.21,0.88,0.1,0.1,0.19,0,0.04,0.09,0.49,0.65,0.78,0.6,0.81,1,0.2,0.39,0.6,0.79,0.8,0.89,0.955,0.86,0.95,0.89,0.31,0.93,1,1,1,1,1,0.899545454545455
"F8I2mQ6SzJ6hj57OHOlqFXHFtC",1,0,0,1,0,0.8,1,0.89,0.2,0.09,0.19,0.2,0.25,0.29,0.69,0.77,0.9,0.89,0.98,0.99,0.09,0.19,0.29,0.92,0.95,0.98,1,1,1,1,0.91,0.92,1,1,1,1,1,0.984545454545455
"99XVi5rZJ7zIQOLGqp13z2foOX",0.09,0.2,0.8,0.1,1,0.81,0.2,0.79,0.19,0.89,0.21,0.5,0.39,0.29,0.81,0.85,0.9,0.82,0.95,0.99,0.68,0.76,1,0.7,0.81,0.93,0.955,0.81,1,1,0.91,1,0,1,1,1,1,0.879545454545455
"JQFPu9m9NnDMDJQvNvR5DXXDc7",0.12,0.14,0.84,0.27,0.87,0.76,0.53,0.82,0.28,0.47,0.16,0.09,0.16,0.21,0.06,0.15,0.2,0.94,0.94,0.99,0.72,0.78,0.81,0.22,0.51,0.83,0.95,0.99,0.89,0.96,1,0.98,1,1,0.908248290463863,1,1,0.970749844587624
"bvAaKjW3VkCWdyx5bV8NgXUxtz",0.21,0.4,0.79,0.3,0.89,0.9,0.69,0.9,0.12,0.2,0.2,0.39,0.7,0.79,0.5,0.59,0.66,0.79,1,1,0.76,0.9,1,1,1,1,0.8,0.69,0.7,0.98,0.89,0.9,1,1,0.908248290463863,1,0.5,0.851658935496715
"e8YNQAbf9k7kVtvwh9tUSCvbiv",0.4,0.4,0.8,0.31,0.23,0.8,0.41,0.79,0.4,0.6,0.31,0.6,0.6,0.7,0.8,0.85,0.89,1,1,1,0.7,0.81,1,1,1,1,0.7,0.51,0.0299999999999998,0.8,0.99,0.9,0.908248290463863,1,0.5,1,0.5,0.712568026405806
"tJsXAKDRhLQnKWAYp3FKeFoail",0.7,0.78,0.53,0.5,0.63,0.9,0.59,0.5,0.45,0.49,0.53,0.76,0.89,0.94,0.68,0.72,0.86,0.78,0.83,0.89,0.59,0.67,0.74,0.41,0.4,0.5,0.495,0.02,0.32,0.65,0.92,0.97,1,1,1,1,0.666666666666667,0.731060606060606
