"session_id","subject_id","form","wave","leapfrog_optimal_choice_mean","dn_version_A_correct_mean","dn_version_B_correct_mean","gl_correct_mean","impossible_question_GK_mean_correct","impossible_question_IQ_mean_correct","impossible_question_GK_calibration","time_series_mse_mean","bayesian_update_easy_mean","bayesian_update_hard_mean","crt_correct_mean","number_series_correct_mean","cfs_score_mean","raven_correct_mean","shipley_vocab_mean","shipley_abstraction_score_mean","berlin_numeracy_score_sum","resistance_to_framing_score_mean","risk_perception_prop_consistent","dr_score_mean"
"00hs52Bbsn97IZqlMWL5L34PAd","mXwsYfnMYmVkBLgOeXxH","33ff78","3.0",0.62,0.666666666666667,0.958333333333333,1,0.625,0.666666666666667,-0.274279176201373,0.0228448320305494,0.701091712105013,0.166759193650375,0.285714285714286,0.444444444444444,0.894226961902521,0.761904761904762,NA,NA,0.5,0.714285714285714,0.7,0.8
"0cjm29GeNojiuYNsUasIBPXgw7","HIXirBH1VmDYG2LJM00q","223301","2.0",0.675,0.666666666666667,0.583333333333333,NA,0.666666666666667,0,-0.0691666666666666,0.0391443354481719,0.770941762678185,0.194679979969846,NA,NA,NA,NA,0.85,0.64,0.5,1.07142857142857,0.8,0.6
"0cxe8fZLamHcc6kdd4QgXwISRo","5rxKrOdtw9zi6iZjDiZU","33ff78","2.0",0.624365482233503,0.645833333333333,0.541666666666667,1,0.625,0.166666666666667,0.230833333333333,0.0328573354901073,0.864406508459821,0.677003282364516,0.571428571428571,0.222222222222222,0.718022571860351,0.619047619047619,NA,NA,0.5,1.35714285714286,0.7,0.866666666666667
"0rPBLR1xdsyOmMITDY2heezzJ9","RfbBaOcYhNZIheZ2Acqy","223301","2.0",0.485,0.5625,0.520833333333333,NA,0.625,0,-0.0525,0.0305674258771187,1.2405495490367,0.726141977772288,NA,NA,NA,NA,0.8,0.4,0.25,1,0.75,0.4
"1eFmEaNYZk9nhIejZ5o551waDm","eupIsJaT0DGhPRxYpQ8L","223301","3.0",0.673366834170854,0.541666666666667,0.604166666666667,NA,0.708333333333333,0,-0.0866666666666667,0.0420918431814807,1.0764964723972,0.193441287969157,NA,NA,NA,NA,0.875,0.48,0.25,0.857142857142857,0.65,0.8
"1qqyj3uwoGDwVUhFSx8uq9XZ2k","rjnyZKpQLvnf7DCvDstX","33ff78","2.0",0.64,0.833333333333333,0.979166666666667,0.923076923076923,0.958333333333333,0.666666666666667,-0.49452380952381,0.0320160775893618,0.805970470636288,0.255558895579651,0.857142857142857,0.666666666666667,0.812727272727273,0.714285714285714,NA,NA,0.75,0.857142857142857,0.75,0.8
"1ZpoTHwtV5ZupDMh0yOraaMYTG","RCrV2gWfwSk9uuU4HuPj","all","3.0",0.69,1,1,0.846153846153846,0.541666666666667,0.5,-0.0686666666666666,0.036559987772311,0.74031254947739,0.105543812472179,1,0.888888888888889,0.997727272727273,0.785714285714286,NA,0.96,1,0.142857142857143,0.8,1
"2bka8DkhxCpWogLHxC1m5mlG7F","MCgC36f8VkjRXQh65Pcc","33ff78","2.0",0.62,0.541666666666667,0.520833333333333,0.846153846153846,0.791666666666667,0.166666666666667,0.124166666666667,0.0261297320803913,0.834659517335588,0.381756230968737,0.571428571428571,0.222222222222222,0.600621522945964,0.5,NA,NA,0.5,0.785714285714286,0.65,0.4
"2DDDzsG8TZgsUGgonnc1gPVe8d","hgsF3OhmmJ2iKUUyx8fB","all","3.0",0.618090452261307,0.625,0.645833333333333,NA,0.583333333333333,0,0.24536231884058,0.033093083743057,0.713599160041353,0.659621779350525,NA,NA,NA,NA,0.75,0.68,0.25,1,0.7,0.733333333333333
"2fpXdYtjQfN3Qk8xQsh2fxhxut","1yw5xz3F8agvG6A44c8c","all","3.0",0.626262626262626,0.666666666666667,0.604166666666667,0.846153846153846,0.75,1,-0.248181818181818,0.0248450677670423,0.666923537646209,0.221616886314775,0.714285714285714,0.666666666666667,0.813341064503285,0.642857142857143,NA,0.68,0.75,0.642857142857143,0.75,0.933333333333333
"2HP5i426Yn85eYrxkfzNiY2Hnh","hch6AFhLf1xzOJuMRC3N","33ff78","2.0",0.575,0.75,0.979166666666667,0.846153846153846,0.708333333333333,0,-0.343115942028986,0.0348735050813382,0.749115780186171,0.198537638581288,0.571428571428571,0.333333333333333,0.752105749781308,0.357142857142857,NA,NA,0.25,1.5,0.7,0.866666666666667
"2HwS92RP48m9mZXkOp1Y8sSbyk","LX9pBE6TSNTDb4eAtNUA","223301","2.0",0.486111111111111,0.5,0.416666666666667,NA,0.666666666666667,0,-0.0158333333333333,0.0413354297725174,2.12815489894895,0.64797456200507,NA,NA,NA,NA,0.8,0.64,NA,NA,0.75,NA
"2TBHnZOJUYj0MYZrQRly55DXIe","HIXirBH1VmDYG2LJM00q","all","3.0",0.615384615384615,0.583333333333333,0.416666666666667,0.692307692307692,0.666666666666667,0,-0.166666666666667,0.0460074268225949,0.939691960969721,0.724594804363521,0.285714285714286,0.444444444444444,0.819090909090909,0.666666666666667,NA,0.56,0.5,1.07142857142857,0.8,0.6
"3010VpETEkXFqjo39qrBStSWXM","aRuVj08pGlSs7XhXvV1v","223301","2.0",0.57,0.5625,0.5625,NA,0.625,0,-0.0866666666666667,0.0271801388979008,1.18426809122605,0.665820664478634,NA,NA,NA,NA,0.8,0.56,0.25,1.57142857142857,0.55,0.533333333333333
"38UmwceLQSVBDc9Bq9NbqvPOgS","frdsAiZHlEcYXnF4j3Zo","33ff78","2.0",0.535,0.702127659574468,0.708333333333333,0.769230769230769,0.666666666666667,0,-0.27201581027668,0.0337467326932073,0.645295582680578,0.416662727939894,0.571428571428571,0.444444444444444,0.771818181818182,0.571428571428571,NA,NA,0,1.21428571428571,0.8,0.4
"3F8lO29v06BVBzSnXjtG1TFiFE","ugmetYJPKn2PqPEAlqOj","223301","2.0",0.628865979381443,0.770833333333333,0.851063829787234,NA,0.541666666666667,0.833333333333333,0.0247826086956522,0.0208118776044301,0.554521747807214,0.385773099167824,NA,NA,NA,NA,0.925,0.56,0.25,0.857142857142857,0.65,0.6
"3QLtxVOUyNYm5U3Keh4K9HgkQT","OP1PXJ72nmf4TipeDUAb","33ff78","3.0",0.675,0.8125,0.645833333333333,0.846153846153846,0.75,0,-0.208333333333333,0.0342195396941539,0.814336565797123,0.420907061715869,0.428571428571429,0.333333333333333,0.641363636363636,0.714285714285714,NA,NA,0.25,1,0.7,0.733333333333333
"3RiQtKgue68aiSeE0OqmSYWM5a","NxSM8j8zHJPoJjfz8Noq","all","3.0",0.68,0.979166666666667,1,0.769230769230769,0.791666666666667,0.166666666666667,-0.183478260869565,0.0482861873709475,0.338043839582163,0.299392206502223,0.714285714285714,0.222222222222222,0.915454545454546,0.619047619047619,NA,0.72,1,1.42857142857143,0.75,0.866666666666667
"3y3YlXMmKNewtENV4M3R0mpOWb","14v5ozkNiEFvMQrGcFef","33ff78","2.0",0.6,0.958333333333333,1,0.923076923076923,0.833333333333333,0.166666666666667,-0.229166666666667,0.0434442527206342,0.546448973404216,0.284687588077286,1,0.666666666666667,0.86211348095126,0.857142857142857,NA,NA,0.75,1.28571428571429,0.7,0.733333333333333
"44xwQio3fW3tYg3htRNjpHY5VQ","g6b1rBBesjyyeCMsmJgr","33ff78","2.0",0.595,0.6875,0.75,0.769230769230769,0.791666666666667,0.666666666666667,-0.0466666666666666,0.027807756129189,0.814529605790407,0.321420827528526,0.571428571428571,0.222222222222222,0.853477117314897,0.761904761904762,NA,NA,0.5,NA,NA,0.6
"4dJPVMak0QqVxygHG63Xpuqvwh","v0GhUCEdOuSpaaqYc1mE","33ff78","2.0",0.658291457286432,0.6875,1,0.846153846153846,0.75,0,-0.3275,0.037774606847055,0.726747525274068,0.265867490383779,0.428571428571429,0.333333333333333,0.910606060606061,0.761904761904762,NA,NA,0.25,1.21428571428571,0.7,0.733333333333333
"4dlMkaMkKa009NZWAw1iqBcwPi","V5Tx1jP6c8trEn2lrAlC","33ff78","2.0",0.55050505050505,0.541666666666667,0.5,0.307692307692308,0.541666666666667,0,-0.0708333333333333,0.0490556269684708,1.18277713517196,0.394975814733137,0,0,0.532878787878788,0.0476190476190476,NA,NA,0.25,NA,NA,0.266666666666667
"4kpnY5p9uf9CO3TAELrXdgTcjT","SMK8iaeG6GeikqKFeAv1","33ff78","2.0",0.537688442211055,0.666666666666667,0.541666666666667,0.538461538461538,0.666666666666667,0.166666666666667,-0.146666666666667,0.0383355527969054,0.910633143989708,0.364821133430587,0.714285714285714,0.666666666666667,0.899545454545455,0.238095238095238,NA,NA,0.5,1.14285714285714,0.8,0.866666666666667
"4MPd6YABvM5lFVEw0cKP2gmNYI","IZoE24O0Bkv0neEKbx4H","223301","2.0",0.735,0.75,0.833333333333333,NA,0.791666666666667,0.666666666666667,-0.196212121212121,0.0265834784985501,NA,0.204513030915346,NA,NA,NA,NA,0.95,0.76,0.5,1.14285714285714,0.7,0.533333333333333
"4OtEHqpMuSDZL9IlNUTQwhtVKj","4FSviDE1FIxFULHiw72J","33ff78","2.0",0.678391959798995,0.8125,0.936170212765957,0.923076923076923,0.833333333333333,0.666666666666667,-0.126666666666667,0.0433800489957103,0.543257102979046,0.222635662950008,0.714285714285714,0.444444444444444,0.919840753678533,0.571428571428571,NA,NA,0.25,1,0.8,0.8
"4UmCit6niI28XPbtLpI3Vkw4YO","FnnnEkhMJyXP5RfgcMhG","223301","3.0",0.63,0.666666666666667,0.6875,NA,0.791666666666667,0.833333333333333,-0.495610766045549,0.0396011363176329,0.593468046484045,0.265476303802781,NA,NA,NA,NA,0.85,0.68,0.75,1.21428571428571,0.8,0.666666666666667
"57IcI6y28NOa07Q3GpEGNjDwB4","5rxKrOdtw9zi6iZjDiZU","223301","3.0",0.65,0.604166666666667,0.729166666666667,NA,0.75,0.166666666666667,0.0866666666666667,0.0313040299603562,1.03362976937525,1.21164074771003,NA,NA,NA,NA,0.8,0.56,0.5,1.35714285714286,0.7,0.866666666666667
"5DlqGrKs7jkhvtVXQsCWe7OUBI","14v5ozkNiEFvMQrGcFef","223301","3.0",0.63,0.9375,0.958333333333333,NA,0.708333333333333,1,-0.0988596491228071,0.0395122861084587,0.594356179522968,0.243919646784311,NA,NA,NA,NA,0.925,0.64,0.75,1.28571428571429,0.7,0.733333333333333
"5J29DCMIV4x7zAmwpuwaABv72b","ArJe1KvmkJTNycVXUr9z","223301","2.0",0.64,0.833333333333333,0.979166666666667,NA,0.791666666666667,0.666666666666667,0.0130952380952382,0.027303453053033,0.57854581588645,0.203410939973949,NA,NA,NA,NA,0.8,0.52,0.75,1.57142857142857,0.75,0.666666666666667
"5NdnqT2ns0Ugv9RkJiZ4gcCIph","Geb5rWaHWEd3uwguNWcs","223301","2.0",0.505,0.5625,0.541666666666667,NA,0.5,0,0.383333333333333,0.0397045672576302,1.21039807547601,0.288981035347249,NA,NA,NA,NA,0.85,0.2,0.75,2.42857142857143,0.8,0.466666666666667
"618ghlMX4KdZE4ZH8tDMB9Bcwg","1TBQb6uvd7oFOYh3DIn1","all","3.0",0.605128205128205,0.604166666666667,0.583333333333333,NA,0.541666666666667,0,0.0325000000000001,0.0447487125761382,0.732117856570879,1.03200050135927,NA,NA,NA,NA,0.85,0.72,0.5,0.357142857142857,0.75,0.733333333333333
"61aPQhPllt71zmD9DkTCWkqTNm","3FnAXEVk96GR39dpvTAu","223301","2.0",0.65,0.6875,0.895833333333333,NA,0.625,0.833333333333333,0.159826086956522,0.0267880294355937,0.876934077946758,0.2386553757234,NA,NA,NA,NA,0.8,0.52,0.75,0.928571428571429,0.7,0.8
"61lVwkrbPKX7s3Sky5R1eGbANB","2CravRf3YyoGsdVmXyLB","33ff78","3.0",0.635,0.770833333333333,0.75,1,0.541666666666667,1,0.081969696969697,0.0402135776275052,0.618360645064485,0.259158610773848,0.714285714285714,0.333333333333333,0.767575757575758,0.595238095238095,NA,NA,0.5,0.785714285714286,0.75,0.733333333333333
"6kguGqJJX8ezeBt4ig5TTETX4N","zUoYMIAkRhhPousQANuT","223301","3.0",0.635,0.291666666666667,0.3125,NA,0.75,0,-0.231699604743083,0.0308971644539641,0.651543646074732,0.300050061953916,NA,NA,NA,NA,0.95,0.68,0.25,1.35714285714286,0.6,0.4
"6mYjJ9gPbwGDGGWby4fPqaf9Uy","3ldXGpLM5xSgTntmyhjK","all","3.0",0.635,0.604166666666667,0.4375,NA,0.791666666666667,0.666666666666667,-0.468809523809524,0.0342001942856818,0.644631466834622,0.593625963343798,NA,NA,NA,NA,0.925,0.52,0.5,1.35714285714286,0.75,0.666666666666667
"6OTxEtL64bnYRyv5nDGSwe9s6X","5sGgiEeaWXdIqrSQzgLF","223301","3.0",0.618090452261307,0.729166666666667,0.833333333333333,NA,0.583333333333333,0.166666666666667,0.0828571428571429,0.0263070764227238,0.871871017891049,0.30595669457407,NA,NA,NA,NA,0.775,0.76,0.5,2,0.6,0.8
"6TFX7HbJvA3irMt4fwqIPKbP6P","0He9HysyPCtTN8ogIXbb","223301","2.0",0.72,0.5625,0.645833333333333,NA,0.75,0.166666666666667,-0.229166666666667,0.0332916073504586,0.842628779617757,0.684308502855368,NA,NA,NA,NA,0.8,0.64,0.5,1.21428571428571,0.7,0.6
"7Lo50E1KVghqWLVlE2E9UJwEs3","mW12mcCvJvTrSTWLYGfP","33ff78","3.0",0.625,0.395833333333333,0.520833333333333,0.923076923076923,0.625,0,-0.255,0.0264893466744824,1.32970391941644,0.401466764097641,0.142857142857143,0.333333333333333,0.789848484848485,0.333333333333333,NA,NA,0.5,1,0.7,0.266666666666667
"7N0tP9oR653Ra0zpisD8ZAJuWA","opB973UodDii9lMCxIOx","223301","2.0",0.665,0.604166666666667,0.541666666666667,NA,0.75,0.833333333333333,-0.108181818181818,0.0383143568134985,0.584180576368296,0.20885009997115,NA,NA,NA,NA,0.85,0.6,0.5,0.857142857142857,0.75,0.866666666666667
"7nlmw3BdK1kwluT1CwmeYU4H3t","LW30bhp6JsPJf35dZTxf","33ff78","2.0",0.58,0.583333333333333,0.645833333333333,0.846153846153846,0.666666666666667,0,-0.204927536231884,0.0416717200616565,0.333402875168717,0.267625960026406,0.571428571428571,0.333333333333333,0.942727272727273,0.619047619047619,NA,NA,0.5,1.42857142857143,0.8,0.866666666666667
"7OdpOI75WSmfxcrF23V3AvbwDY","WzI6ioTBteMGm9qgRUpV","223301","3.0",0.645,0.770833333333333,0.958333333333333,NA,0.75,0.666666666666667,-0.174347826086957,0.0254199309667117,0.82483515186282,0.277341464663549,NA,NA,NA,NA,0.825,0.72,0.5,1.64285714285714,0.7,0.933333333333333
"7wZCt1bKzoyNJbGaQvmQrC4fSO","81DbN7euP5SvEjIslLf2","223301","2.0",0.605,0.543478260869565,0.604166666666667,NA,0.75,0.166666666666667,-0.114545454545455,0.0265445297057799,0.966545465355065,0.207977834086599,NA,NA,NA,NA,0.875,0.56,0.5,1.15384615384615,0.75,0.6
"85NNhQePhWcSB5Ef9IFwrwGzvx","WzI6ioTBteMGm9qgRUpV","33ff78","2.0",0.663316582914573,0.645833333333333,0.895833333333333,0.692307692307692,0.833333333333333,0.333333333333333,-0.301159420289855,0.0340318899739995,0.574643497300982,0.123047909937424,0.142857142857143,0.333333333333333,0.756515151515151,0.571428571428571,NA,NA,0.5,1.64285714285714,0.7,0.933333333333333
"8M8VKFcBeQZ2iUhV3RNIMF1N8Q","f9SLvrBHkn9TRQ3evbJS","33ff78","2.0",0.62,0.791666666666667,1,0.923076923076923,0.625,0,-0.000833333333333353,0.0437031655363257,1.84223470634932,0.615076595764819,0.714285714285714,0.555555555555556,0.889545454545455,0.69047619047619,NA,NA,0.75,0.928571428571429,0.8,0.866666666666667
"8O8iQgMPix5Q8zrbV1BgUkyYVl","FnnnEkhMJyXP5RfgcMhG","33ff78","2.0",0.61,0.6875,0.583333333333333,0.923076923076923,0.75,0.333333333333333,-0.1,0.0456088697596916,0.962841615769192,0.352022889664137,0.714285714285714,0.666666666666667,0.841818181818182,0.69047619047619,NA,NA,0.75,1.21428571428571,0.8,0.666666666666667
"8qixQtHJtiBigJXgJ3DsAOYMPZ","mXwsYfnMYmVkBLgOeXxH","223301","2.0",0.69,0.541666666666667,0.791666666666667,NA,0.708333333333333,0.833333333333333,-0.182251082251082,0.0231000743762723,0.844898792085562,0.171990015986454,NA,NA,NA,NA,0.975,0.6,0.5,0.714285714285714,0.7,0.8
"8Zam9ZRwmYBDh7uymhdQsveTtU","6RaLQ2xZ082ceHJn0zSE","33ff78","3.0",0.635,0.520833333333333,0.583333333333333,0.692307692307692,0.333333333333333,1,0.224,0.0487163699837732,2.48923580235938,0.978352869039277,0.285714285714286,0.333333333333333,0.292295920782583,0.404761904761905,NA,NA,0.5,1,0.45,0.466666666666667
"99XVi5rZJ7zIQOLGqp13z2foOX","GY6SDF2bu3vayneZIZA7","33ff78","2.0",0.462311557788945,0.708333333333333,0.520833333333333,0.923076923076923,0.625,0.666666666666667,0.0931818181818181,0.0289429276520903,0.615524151476566,0.874012504573564,0.714285714285714,0.666666666666667,0.879545454545455,0.452380952380952,NA,NA,0.5,1.07142857142857,0.75,0.733333333333333
"9BIZx07jE4Ef90AedDSlXVBssn","P3If8blcD6Emr7oH81pi","33ff78","2.0",0.648241206030151,0.520833333333333,0.5625,0.615384615384615,0.666666666666667,0.166666666666667,0.301666666666667,0.044687043860845,0.986321911779977,0.648531091008851,0,0.222222222222222,0.914840753678533,0.452380952380952,NA,NA,0,0.928571428571429,0.65,0.4
"9MHMZiIjIFlOXQrL96jgtvLjNX","PGcl1e8m5kaxuCUoFmyg","223301","3.0",0.690355329949239,0.770833333333333,0.895833333333333,NA,0.75,0,-0.1925,0.0424964715127684,0.577298135304079,0.736156118193012,NA,NA,NA,NA,0.775,0.8,0,0.928571428571429,0.8,0.933333333333333
"9Z23XVR1txqxlnkS4FrADXJJYX","f81zXUoD7CvdNqUSI1fT","223301","3.0",0.665,0.5625,0.791666666666667,NA,0.583333333333333,0.833333333333333,-0.334761904761905,0.0344214938950817,0.874832000016494,0.493106715807678,NA,NA,NA,NA,0.975,0.68,0,0.857142857142857,0.65,0.866666666666667
"A0WuBnHZLp76C0fbYcoC3sEmWc","4Jcnq4L7V8NxWAITZzbt","33ff78","2.0",0.59,0.770833333333333,0.958333333333333,0.769230769230769,0.625,0,0.0791304347826087,0.0227259857067185,0.509708043537836,0.176451841064311,0.285714285714286,0.444444444444444,0.828644094806316,0.738095238095238,NA,NA,0.25,1.85714285714286,0.75,0.666666666666667
"a19rHSdiFVGUooGIpt4JTlm8rU","81DbN7euP5SvEjIslLf2","all","3.0",0.63,0.625,0.520833333333333,0.846153846153846,0.666666666666667,0.166666666666667,-0.161212121212121,0.0521687865194038,0.855053313859446,0.149718713522367,0.571428571428571,0,0.809681507357066,0.666666666666667,NA,0.8,0.5,1.15384615384615,0.75,0.6
"a4Q52JjaFUDKIfJLEVZIhEE7kN","douXEJ4EBOwORUvjznDR","33ff78","3.0",0.64,0.75,0.854166666666667,1,0.625,0,0.130434782608696,0.0369066252274481,0.971170013327811,0.280684492772094,0.285714285714286,0.222222222222222,0.715749844587624,0.666666666666667,NA,NA,0.25,1.64285714285714,0.6,0.866666666666667
"aCRZ9G2SjYdjhSdhv0EVWtu3zf","OP1PXJ72nmf4TipeDUAb","223301","2.0",0.51,0.5,0.770833333333333,NA,0.708333333333333,0,-0.245833333333333,0.0223854875816684,0.908883752817435,0.373262537592339,NA,NA,NA,NA,0.9,0.72,0.25,1,0.7,0.733333333333333
"aD0IShYXczfagjfK4sx7mKMNTJ","IpVEycSzzPWwL6RWWju0","33ff78","3.0",0.6,0.979166666666667,1,0.846153846153846,0.75,0.833333333333333,-0.269047619047619,0.0253624418067623,0.595579226164493,0.0759517412632575,1,0.777777777777778,0.998181818181818,1,NA,NA,0.75,0.714285714285714,0.8,1
"aHbDyZDqRQLR45i8PyzhnUVAjB","7g15dSE5HRozRtACCr2t","223301","2.0",0.547738693467337,0.416666666666667,0.4375,NA,0.666666666666667,0,0.298633540372671,0.0345929846821265,1.80541079444797,1.15602210296632,NA,NA,NA,NA,0.575,0.08,NA,NA,0.15,NA
"AhL3JJPmYLUWNDGh3AWGODXbd8","eO8ueo6SY6mgq8BrsPDn","223301","3.0",0.622448979591837,0.770833333333333,0.979166666666667,NA,0.875,0.166666666666667,-0.316666666666667,0.034216073902232,0.921371162461262,0.312405660160364,NA,NA,NA,NA,0.825,0.76,0.25,1.07142857142857,0.7,0.733333333333333
"AUwBJrzZaVOulPZV1Qu2YC95SI","IZoE24O0Bkv0neEKbx4H","33ff78","3.0",0.57,0.708333333333333,0.5625,0.769230769230769,0.75,0.333333333333333,-0.132608695652174,0.029961743115912,0.981788670400708,0.140225619854374,0.857142857142857,0.444444444444444,0.954090909090909,0.642857142857143,NA,NA,0.5,1.14285714285714,0.7,0.533333333333333
"Avuf0vVgDRFqnXsipPN5gmMlsx","gdcaQlSlTYPXtURldtrQ","223301","2.0",0.38974358974359,0.645833333333333,0.645833333333333,NA,0.666666666666667,0,-0.0518840579710145,0.0312112229046833,2.65212697206524,2.17945755228108,NA,NA,NA,NA,0.8,0.32,0.25,2,0.45,0.333333333333333
"B0Ql7N8xcM4tYXiFxu1XuUpbgP","shked6eL049hKEaBmQHp","33ff78","3.0",0.575,0.6875,0.729166666666667,0.769230769230769,0.666666666666667,0.166666666666667,-0.350833333333333,0.030681856671224,0.919493592037929,0.226554227023566,0.142857142857143,0.333333333333333,0.969090909090909,0.547619047619048,NA,NA,0.25,1,0.7,0.6
"b9CoBZdE1dRpzYftOrE2yXFZxW","WcYDIr5gBqFlqQCfLO1N","all","3.0",0.69,1,0.979166666666667,0.846153846153846,0.833333333333333,0.333333333333333,0.0536231884057971,0.0250287847523351,0.698247069270885,NA,1,0.888888888888889,0.949090909090909,0.952380952380952,NA,0.96,0.5,1.28571428571429,0.75,0.866666666666667
"bArB5qhI33ayqzPdBGfvyVkjoA","spew82wdkX0wW8aCfVN6","33ff78","3.0",0.587939698492462,0.791666666666667,1,0.769230769230769,0.875,0,-0.28195652173913,0.0380826082628704,1.04484333719808,0.239311732309043,0.571428571428571,0.444444444444444,0.913022571860351,0.619047619047619,NA,NA,0.25,0.928571428571429,0.6,0.933333333333333
"bdQFUzfoOeMyBEsjMxPAOHZnTY","VTwjljLHMeFJ4wBBGr3t","33ff78","2.0",0.64,0.854166666666667,0.979166666666667,0.923076923076923,0.875,0.166666666666667,-0.110833333333333,0.0282395621986728,0.437440473424137,0.123525550229891,1,0.777777777777778,0.929545454545455,0.642857142857143,NA,NA,0.75,1.07142857142857,0.7,0.8
"biu5BgZV2AePGJMpaEXIG7u0N3","Qzfwvjt84nTzY5Y6FjmD","all","3.0",0.625,0.895833333333333,1,0.692307692307692,0.625,0.833333333333333,-0.0668181818181818,0.0354672717857088,0.861480123251496,0.226726165976817,0.571428571428571,0.333333333333333,0.832727272727273,0.738095238095238,NA,0.84,0.5,1,0.65,0.466666666666667
"bmhjSWCElfJkv1iNryr7i8Hq2t","Z461K2AhYjH0dLK3poZS","33ff78","3.0",0.676767676767677,0.541666666666667,0.729166666666667,0.846153846153846,0.875,0.666666666666667,-0.0725,0.058886713241271,0.627128142799359,0.441400714872236,0.285714285714286,0.222222222222222,0.810909090909091,0.571428571428571,NA,NA,0.25,1.07142857142857,0.6,0.666666666666667
"BsXe2qxOoxxCWSfGzsns5QCbpN","zUoYMIAkRhhPousQANuT","33ff78","2.0",0.58,0.541666666666667,0.8125,0.692307692307692,0.75,0,-0.144545454545455,0.0364717189449867,2.36973117230482,1.15370519212356,0.714285714285714,0,0.800439083114642,0.595238095238095,NA,NA,0.25,1.35714285714286,0.6,0.4
"Btv6DW5t4hYjU2UmGI30tO0KK0","S212lGrFbeNNaltKejk4","223301","2.0",0.604060913705584,0.6875,0.854166666666667,NA,0.791666666666667,0,-0.292536231884058,0.027845633272912,1.21039807547601,0.284943728538448,NA,NA,NA,NA,0.9,0.4,0.75,1.21428571428571,0.8,0.866666666666667
"bvAaKjW3VkCWdyx5bV8NgXUxtz","uSJ854owFJHsuLYRzO5k","all","3.0",0.63,0.854166666666667,0.6875,0.846153846153846,0.791666666666667,0.333333333333333,-0.0733596837944664,0.028241483725781,0.425429820435696,0.257928206286868,1,0.666666666666667,0.851658935496715,0.666666666666667,0.95,0.84,0.5,0.428571428571429,0.7,0.8
"bwAULxMY0L3SOhm8qpne9PSsQm","W50RS0BSWDoaNnfz2Td3","33ff78","2.0",0.625,0.583333333333333,0.708333333333333,0.923076923076923,0.75,0,-0.0225,0.0479786962567407,0.648298709262191,0.353243776061561,0.571428571428571,0.666666666666667,0.871204390042169,0.547619047619048,NA,NA,0.25,1.07142857142857,0.7,0.8
"byZYddLoxLHuZXdw23fIIItShq","CMtMThAxd6T3GsT3xQtf","all","3.0",0.587939698492462,0.979166666666667,0.958333333333333,NA,0.791666666666667,0,-0.0697233201581028,0.0377487863917368,0.739351545504863,0.302684053098039,NA,NA,NA,NA,0.875,0.36,0.25,0.785714285714286,0.7,0.733333333333333
"C6FdaOsLL8vp2sdEAFgmzZ0hf3","XTTtLZjW3GfR4y1pfMb5","33ff78","2.0",0.453125,0.4375,0.604166666666667,0.384615384615385,0.541666666666667,0,-0.106014492753623,0.0428751666740628,4.56032852954829,4.46828616258393,0.142857142857143,0.222222222222222,0.640916822079043,0.19047619047619,NA,NA,0,2.78571428571429,0.6,0.333333333333333
"CC2biVSNgQFMIbtAYx6A2NqJAo","B4xA73Nldb5hoCj3RnM2","all","3.0",0.656410256410256,0.604166666666667,0.645833333333333,0.846153846153846,0.625,0.166666666666667,-0.0585375494071146,0.0361654756086696,0.736703997190021,0.194950843599343,0.714285714285714,0.333333333333333,0.761363636363636,0.404761904761905,NA,0.6,0.75,0.928571428571429,0.8,0.6
"cecdLfxnB55fgLGIzDEOJiuPx8","LnzLYBKeTmWgoITknjHO","33ff78","3.0",0.61,0.916666666666667,0.979166666666667,0.846153846153846,0.666666666666667,0,-0.10231884057971,0.0320307533616485,0.245226707675053,0.38016685741224,0.714285714285714,0.555555555555556,0.909545454545455,0.880952380952381,NA,NA,0.25,NA,NA,0.866666666666667
"CftPJFR3yijEMNwpuvLEHE8vV1","jwJ6gpnIAf5w1x4iQZJR","all","3.0",0.628140703517588,0.5625,0.395833333333333,0.230769230769231,0.5,0,-0.0858333333333333,0.0680708381763626,0.943407014965707,1.07492008573663,0.142857142857143,0,0.703780147617927,0.142857142857143,NA,0.24,0.25,1.07142857142857,0.4,0.466666666666667
"ck6V84uBWTQ0OT8tRmPeoiisPQ","EQcUnvd175FsA5QJLyOC","223301","2.0",0.625,0.75,0.916666666666667,NA,0.833333333333333,0.5,-0.127246376811594,0.0299916637494089,1.0463936500242,0.293682722546127,NA,NA,NA,NA,0.875,0.48,0.5,1.21428571428571,0.8,0.733333333333333
"CQ8GEMQbP51TjUnltpTPAXpVGz","B4SJRdeMnvSZVO8gkm52","223301","2.0",0.63,0.729166666666667,0.979166666666667,NA,0.791666666666667,0.333333333333333,-0.185952380952381,0.0349589513218843,0.387301908307734,0.171965479432388,NA,NA,NA,NA,0.875,0.72,0.5,1.21428571428571,0.75,0.866666666666667
"Cy6b2RS5kN1tUB5CqZa35PHJEE","GOdCSYfYLW9oocF6cGLs","223301","3.0",0.575,0.9375,0.916666666666667,NA,0.833333333333333,0.833333333333333,0.0425,0.0251165904817932,0.0306754343023412,0.122916501217505,NA,NA,NA,NA,0.925,0.92,NA,NA,0.65,NA
"CZ6NQEOfRqsY44RJ2lktZVRGRA","2Xgbp4RxjncszaJ0yNdz","33ff78","3.0",0.54040404040404,0.6875,0.8125,0.692307692307692,0.75,0.166666666666667,-0.253333333333333,0.0334565002791003,0.796824846954044,0.186660093760218,0.142857142857143,0.333333333333333,0.962272727272727,0.476190476190476,NA,NA,0.25,1.35714285714286,0.65,0.6
"DCe2tkT5AzEOIPkCCBL1XSUl2o","E9O61OUvhJVPVNILNVKi","33ff78","2.0",0.623115577889447,0.6875,0.8125,0.846153846153846,0.791666666666667,0,-0.18,0.0528103876171221,0.566102146651453,0.236931290185563,0.285714285714286,0.666666666666667,0.825909090909091,0.857142857142857,NA,NA,0.25,1.71428571428571,0.75,0.933333333333333
"DebsBC0abituuuNqZbrWt3jR91","NuwYsAsVQIklJBBWq8Wb","all","3.0",0.523076923076923,0.583333333333333,0.520833333333333,0.307692307692308,0.666666666666667,0,0.00416666666666676,0.0383721133600145,2.6768625364076,4.3161152608959,0.142857142857143,0.222222222222222,0.650909090909091,0.0476190476190476,NA,0.28,0.25,1.21428571428571,0.4,0.4
"dIABU0Qj3GWpZlmiew95xrArZQ","WcYDIr5gBqFlqQCfLO1N","223301","2.0",0.665,0.4375,0.979166666666667,NA,0.958333333333333,0.166666666666667,-0.097463768115942,0.0266258899037436,0.539209781354082,0.23705401988989,NA,NA,NA,NA,0.95,0.88,0.5,1.28571428571429,0.75,0.866666666666667
"dWYbmDfgn4nM3dSjrMEjnw2han","44J2DAUmP4oa33eVMXbo","223301","2.0",0.7,0.58695652173913,0.604166666666667,NA,0.666666666666667,0.166666666666667,-0.245652173913043,0.0339875623539312,0.767716801299177,1.21059910918433,NA,NA,NA,NA,0.95,0.52,NA,NA,0.7,NA
"DxbwcaAoEajPvz0vJinSnrMizK","E9O61OUvhJVPVNILNVKi","223301","3.0",0.63,0.8125,0.9375,NA,0.791666666666667,0.333333333333333,-0.196212121212121,0.0429883264590828,0.911938816511306,0.165480425670805,NA,NA,NA,NA,0.9,0.84,0.25,1.71428571428571,0.75,0.933333333333333
"dYGsqbBUw2jxZFU5A1H7OG25F1","e5ThhbjuowMl8yVZonYB","33ff78","2.0",0.585,0.5625,0.6875,0.846153846153846,0.583333333333333,0.833333333333333,-0.141111111111111,0.053354232775876,0.448172147332643,0.321907642386419,0,0.444444444444444,0.776666666666667,0.642857142857143,NA,NA,0,0.571428571428571,0.7,0.533333333333333
"E3zMBre7EWQqIFWrLWlBW7xF35","2kXHVLEOjzWidnSYk5Pf","all","3.0",0.645,0.729166666666667,0.625,0.846153846153846,0.708333333333333,0.333333333333333,0.0508333333333333,0.0334546901511457,0.576441969117425,0.227048184956488,0.285714285714286,0.666666666666667,0.76469696969697,0.785714285714286,NA,0.84,0.25,0.571428571428571,0.7,0.733333333333333
"e8YNQAbf9k7kVtvwh9tUSCvbiv","uj0g1xn3hq3armVSVrhg","all","3.0",0.603015075376884,0.625,0.770833333333333,0.846153846153846,0.458333333333333,0.833333333333333,0.351150895140665,0.0337568674113431,0.83238923950177,0.995554696225632,0.285714285714286,0.222222222222222,0.712568026405806,0.476190476190476,0.95,0.48,0.5,0.642857142857143,0.7,0.6
"e93AKbQfQkjIawUmpnrHDyMCEn","lqmhT3DMOKizWcQjR7UB","33ff78","2.0",0.562814070351759,0.479166666666667,0.666666666666667,0.538461538461538,0.625,0,-0.0233333333333333,0.0432585226247449,2.43625212355587,0.905007185751227,0.285714285714286,0,0.662727272727273,0.0476190476190476,NA,NA,0.25,1.42857142857143,0.35,0.533333333333333
"EbB54t6yMf8DcNMNjwNZwJqNdI","FA8OvPwYfBWCM6C6ROGv","223301","3.0",0.55,0.625,0.854166666666667,NA,0.791666666666667,0.666666666666667,-0.0689393939393939,0.0392310105850729,0.876934077946758,0.330090665145893,NA,NA,NA,NA,0.875,0.72,0.75,1.5,0.8,0.933333333333333
"eCKfWPXWkRiVuq2kkuIbx1yRGu","UFRJdGUwd0moGbSE7cst","33ff78","2.0",0.585,0.916666666666667,0.958333333333333,0.846153846153846,0.75,1,0.057391304347826,0.0379214174340271,0.487168858695554,0.251550131656358,0.714285714285714,0.444444444444444,0.885,0.738095238095238,NA,NA,0.5,1,0.7,0.8
"eFe95CeeQAgOoze8mvOzVQ4Hv6","ZR5Fx4ekOxWItTtVL2D7","all","3.0",0.69,0.958333333333333,0.958333333333333,0.846153846153846,0.708333333333333,1,0.0432456140350876,0.0432781461295127,0.506224003331485,0.234932329594165,0.857142857142857,0.888888888888889,0.969386208223988,0.761904761904762,NA,0.76,0.75,0.928571428571429,0.75,0.933333333333333
"ej51TZSS31SzLdNOEOsvRfqW94","ljDaHvoGAgx76hIYhCor","all","3.0",0.63,0.520833333333333,0.4375,0.615384615384615,0.625,0,0.02,0.00413226398742892,1.03868581958229,0.976157922293321,0,0.444444444444444,0.837568026405806,0.19047619047619,NA,0.36,0.5,1,0.55,0.533333333333333
"eSgq6CRJVI1Y4ZCp0Ez62rWAN8","P3If8blcD6Emr7oH81pi","223301","3.0",0.52,0.604166666666667,0.5625,NA,0.583333333333333,0,0.32,0.0535161817270525,1.00589286051529,0.492196171861851,NA,NA,NA,NA,0.875,0.48,0,0.928571428571429,0.65,0.4
"et9NSNEdDtSDAvZjDZxzECiVKm","hch6AFhLf1xzOJuMRC3N","223301","3.0",0.49,0.770833333333333,0.958333333333333,NA,0.75,0,-0.439130434782609,0.0235890898044192,1.17238179028143,0.189263321523809,NA,NA,NA,NA,0.9,0.8,0.25,1.5,0.7,0.866666666666667
"EUUs10sKsaeECCMRzsRGqdgb7i","1yw5xz3F8agvG6A44c8c","223301","2.0",0.765,0.645833333333333,0.6875,NA,0.791666666666667,0.166666666666667,-0.493359683794466,0.0283645343775817,1.08454903555047,0.12641505092251,NA,NA,NA,NA,0.975,0.68,0.75,0.642857142857143,0.75,0.933333333333333
"Ev2q5ZLI9arbNnB0IydGIw1Ms4","Ej5z29sm0UDZlC9VSn90","33ff78","2.0",0.61,0.479166666666667,0.520833333333333,0.384615384615385,0.5,0,0.323333333333333,0.0568674234486418,1.90478143562184,2.40232756244924,0,0.222222222222222,0.77,0.142857142857143,NA,NA,0.75,1.42857142857143,0.65,0.333333333333333
"eWPg7KQoZBF9ZG0CtnIc7eBdcX","ouFOczNlAHcaxVL6djzH","223301","2.0",0.614942528735632,0.5,0.666666666666667,NA,0.666666666666667,0.166666666666667,-0.0975757575757575,0.0390158704449061,2.8738764425701,1.7367025458072,NA,NA,NA,NA,0.8,0.56,0.25,1.78571428571429,0.6,0.4
"ExLZOIbzz6r2qubVx5fIZQIgY8","uhJmCiYPKjC6kXjS6J2N","223301","2.0",0.753768844221106,0.729166666666667,0.9375,NA,0.666666666666667,0.166666666666667,-0.0431884057971014,0.0533406944047803,0.335519945023025,0.370965759225147,NA,NA,NA,NA,0.85,0.68,NA,NA,0.75,NA
"F1jX5a1fyhOmMSGGJ09OiO1Fjy","LCnSsbremU5Q7zt49bLJ","33ff78","2.0",0.52,0.625,0.708333333333333,0.923076923076923,0.75,0,-0.391666666666667,0.0516932312079285,0.93690300336252,0.774609812230572,0.714285714285714,0.444444444444444,0.871977428139649,0.761904761904762,NA,NA,0.25,NA,NA,0.8
"F5BWw9c9u6U75ADCXUbZ9yfZ8p","RCrV2gWfwSk9uuU4HuPj","223301","2.0",0.63,1,1,NA,0.833333333333333,0.833333333333333,-0.226666666666667,0.0348564597081751,0.838035057497966,0.105328412226262,NA,NA,NA,NA,0.95,0.96,1,0.142857142857143,0.8,1
"F8I2mQ6SzJ6hj57OHOlqFXHFtC","NQPS0aQApEiZG26aqv6a","33ff78","2.0",0.655172413793103,0.75,0.770833333333333,1,0.75,0,0.14304347826087,0.0300039144068223,0.657885506560182,0.299658062887266,1,0.555555555555556,0.984545454545455,0.642857142857143,NA,NA,0.5,1.42857142857143,0.7,1
"fdhE1rz3Dp82IqkvQoJzNgeKnK","RuJJKRUlyxtRXzAiEC8C","33ff78","2.0",0.565,0.4375,0.604166666666667,0.615384615384615,0.75,0,0.151666666666667,0.0378540039868423,1.12623313929936,0.719897816845726,0.428571428571429,0.333333333333333,0.697408780084339,0.5,NA,NA,0.5,NA,NA,0.533333333333333
"fezpTC0SYAVdLOKQ78T8HKtdGu","GY6SDF2bu3vayneZIZA7","223301","3.0",0.477386934673367,0.583333333333333,0.833333333333333,NA,0.666666666666667,0.333333333333333,-0.0561904761904761,0.0338204359286095,0.623708376949462,0.407718423926455,NA,NA,NA,NA,0.925,0.48,0.5,1.07142857142857,0.75,0.733333333333333
"FHhc3HyKK6VgbFpLzcyRG1fcyB","YfEGjNjiKeyitcSdFtsk","223301","3.0",0.615,0.666666666666667,0.708333333333333,NA,0.583333333333333,0.833333333333333,0.0396363636363637,0.038691268778832,0.353027587013597,0.26233639977982,NA,NA,NA,NA,0.875,0.84,0.5,0.928571428571429,0.8,0.866666666666667
"fKyu5qyHKrGbQNZ5V22Ujidtu2","iuzksaAl7aeR1oSIYQ0t","33ff78","2.0",0.668571428571429,0.695652173913043,0.625,0.692307692307692,0.875,0,-0.210652173913043,0.0440630040990973,1.25092303542045,0.468461846179934,0.285714285714286,0.444444444444444,0.881204390042169,0.666666666666667,NA,NA,0.5,1.5,0.75,0.533333333333333
"FMBMeA5wVCrxkGLNXgg9KNOf4d","2o6tSgw09wEiH2UVjsUa","all","3.0",0.69,0.625,0.708333333333333,NA,0.583333333333333,0,0.143122529644269,0.0426136850876341,0.693499720745642,1.68386671656776,NA,NA,NA,NA,0.8,0.84,0.25,1,0.4,0.466666666666667
"FpCbuqX8JbcIFJ7fQFgZXCJjss","2CravRf3YyoGsdVmXyLB","223301","2.0",0.65,0.791666666666667,0.708333333333333,NA,0.708333333333333,0.333333333333333,-0.21268115942029,0.0299749610647016,0.707721578187844,0.30240853162205,NA,NA,NA,NA,0.85,0.48,0.5,0.785714285714286,0.75,0.733333333333333
"fQmMgbOfbpK6PH8CaDh057lGp7","3LZAdXLXW8LPv5UZBAbT","33ff78","3.0",0.525,0.520833333333333,0.541666666666667,0.538461538461538,0.583333333333333,0.333333333333333,-0.463333333333333,0.0356221436705637,1.08097492157712,0.60064669403158,0,0,0.616666666666667,0.30952380952381,NA,NA,0.25,0.428571428571429,0.55,0.4
"FRfSS395qilOmE8PV7CzzzunT4","Y34n1ewFozPlfrghTtE8","33ff78","2.0",0.655,0.645833333333333,0.541666666666667,0.846153846153846,0.75,1,-0.307391304347826,0.0405443103775777,1.37613887727961,0.236222613618671,0.285714285714286,0.555555555555556,0.942727272727273,0.642857142857143,NA,NA,0.5,1.42857142857143,0.8,0.866666666666667
"FuMnwfdgQxu7LrKtZgvslbjX9q","ouFOczNlAHcaxVL6djzH","33ff78","3.0",0.61878453038674,0.5625,0.604166666666667,0.538461538461538,0.708333333333333,0,0.00249999999999995,0.060477444760869,2.8701099732695,0.981014275344904,0.142857142857143,0.222222222222222,0.814976806490144,0.523809523809524,NA,NA,0.25,1.78571428571429,0.6,0.4
"furogonqYxMFxbo30pjpbZPrKT","4Jcnq4L7V8NxWAITZzbt","223301","3.0",0.553846153846154,0.75,0.958333333333333,NA,0.708333333333333,0.166666666666667,0.138142292490119,0.0238264975661229,0.547074297199581,0.228459834411699,NA,NA,NA,NA,0.775,0.84,0.25,1.85714285714286,0.75,0.666666666666667
"FVXXyUR8N57I32gsI0a7uQIcQ7","eOhVemAeENOMaOitnTp1","33ff78","2.0",0.505,0.916666666666667,0.916666666666667,0.769230769230769,0.875,0.666666666666667,-0.185,0.057635565616589,0.57816635661848,0.293601049948911,0.714285714285714,0.444444444444444,0.897272727272727,0.666666666666667,NA,NA,0,1,0.7,0.933333333333333
"Fx112IFb6PKeS3tZJYFjMRB641","ggUZHShAMFgLfCl29kzl","223301","2.0",0.52,0.520833333333333,0.708333333333333,NA,0.375,1,0.29,0.0449576401274287,1.49928396442262,0.398015937005337,NA,NA,NA,NA,0.875,0.64,0.25,1,0.2,0.466666666666667
"G0APNAVl50xWcSR7tOqyClaPyf","RGpC8Kb3t4NbLFF6ZBL7","all","3.0",0.65,0.875,0.958333333333333,0.923076923076923,0.75,0.833333333333333,0.0447368421052632,0.0344056125334923,0.765831811197565,0.144190489419908,1,0.666666666666667,0.910295299133078,0.642857142857143,NA,0.6,0.5,0.714285714285714,0.7,0.8
"G5ZBpCO4zXZko6cqwrVDNbgyix","imxdJ2Yit5uDFRdxbTzA","33ff78","3.0",0.62,0.541666666666667,0.4375,0.769230769230769,0.416666666666667,0,-0.250833333333333,0.0357440910336976,0.69646036800457,0.273687155082073,0.142857142857143,0.444444444444444,0.905909090909091,0.404761904761905,NA,NA,0.5,1.92857142857143,0.75,0.8
"gAE2vR87PHDrVwMvMSPhZ6AYWV","WAPJCdBSeV9FUorwJeGA","33ff78","2.0",0.555,0.354166666666667,0.5,0.769230769230769,0.791666666666667,0,0.0725,0.0556483944324831,2.99210808806774,0.469481214872947,0.285714285714286,0.111111111111111,0.827727272727273,0.619047619047619,NA,NA,0.5,NA,NA,0.666666666666667
"gjpBcXhxKxRn0Eekog3T3kJvcQ","iuzksaAl7aeR1oSIYQ0t","all","3.0",0.582914572864322,0.729166666666667,0.5625,NA,0.708333333333333,0,0.0504347826086957,0.0344827280733664,1.42963058881599,0.689932825963648,NA,NA,NA,NA,0.775,0.4,0.5,1.5,0.75,0.533333333333333
"gkDrWPrB3VWWEhzsFHU6dYzRW3","4biKYGYA4rYxXVn5Gu4Y","223301","2.0",0.72,0.770833333333333,0.708333333333333,NA,0.916666666666667,0,-0.386666666666667,0.0347137544127417,0.577999227206421,0.114348184180629,NA,NA,NA,NA,0.875,0.68,0.5,0.642857142857143,0.75,0.733333333333333
"GmnxFUpWp5TYtFUQihz17RlBnE","BVLzRiH7EOPxi5TjRmpa","all","3.0",0.61,1,0.979166666666667,NA,0.916666666666667,0.833333333333333,-0.283333333333333,0.0195318202285008,0.628199866456228,0.167620534618058,NA,NA,NA,NA,0.975,0.92,0.25,0.642857142857143,0.65,0.8
"GQsfZVeuxdSH1Esw4qD9r2PCVj","3gcw66z4RGEahyQVR1wS","223301","2.0",0.601010101010101,0.645833333333333,0.625,NA,0.791666666666667,0.166666666666667,-0.175652173913043,0.0271913786734338,1.14933775006693,0.1798880603361,NA,NA,NA,NA,0.875,0.76,0,1.07142857142857,0.6,0.533333333333333
"Gs5GNIfI1EsQ3Ful5CBfylBy21","KfKgT4e1rIjUHqtQszhH","all","3.0",0.627551020408163,0.541666666666667,0.541666666666667,1,0.625,0,0.0791666666666667,0.0397582471814787,2.13768121722778,0.712768901543397,0.285714285714286,0.666666666666667,0.89,0.857142857142857,NA,0.64,0.5,2.21428571428571,0.6,0.4
"gtPUi7sqEEoHOD7DLj5gzQtsgx","3JKW5zSXGkFMU7hy3Uim","33ff78","2.0",0.6,0.666666666666667,0.708333333333333,0.692307692307692,0.666666666666667,0,-0.179166666666667,0.0443324501870235,0.942665214500498,0.369174798140445,0,0.444444444444444,0.915901359739139,0.595238095238095,NA,NA,0.25,1.35714285714286,0.7,0.666666666666667
"GUfxRJ6wWRzlKg15RpISP7Hqgf","nM6m8SlLUk4HLoIteGDY","all","3.0",0.655,0.854166666666667,0.979166666666667,NA,0.75,0.666666666666667,-0.0491304347826087,0.0315799526946645,1.12638152016121,0.22072528537129,NA,NA,NA,NA,0.9,0.64,0.5,1,0.7,0.8
"GvoKVfUlikOBNGQs42JXAH52LS","hqp2nsvojwr8iuELG6MC","all","3.0",0.572972972972973,0.583333333333333,0.583333333333333,NA,0.416666666666667,0,0.0525,0.0265830940969919,1.15413949977901,0.531816251403569,NA,NA,NA,NA,0.525,0.16,0.25,0.857142857142857,0.5,0.4
"h583RYORXtRkVOy067RJhA4Kz3","9RURS9QDBxOxAXzKslIr","223301","2.0",0.655,0.583333333333333,0.666666666666667,NA,0.583333333333333,0,-0.165072463768116,0.0326419372106185,1.15538660905154,0.38130238168877,NA,NA,NA,NA,0.75,0.24,0,1.28571428571429,0.75,0.533333333333333
"h5ksrMHPeb25v21INaHw13aWWi","DlgqDFDTBhm3azaOtREy","33ff78","3.0",0.603015075376884,0.791666666666667,0.979166666666667,0.769230769230769,0.708333333333333,0.666666666666667,0.114393939393939,0.035305413381097,0.337738869580261,0.229863484467875,0.571428571428571,0.333333333333333,0.965,0.785714285714286,NA,NA,0.5,1.14285714285714,0.8,0.866666666666667
"h7IGMblze4pzx90AIOtKmypykJ","0He9HysyPCtTN8ogIXbb","33ff78","3.0",0.614213197969543,0.5,0.708333333333333,0.769230769230769,0.833333333333333,0.5,-0.106376811594203,0.0478694075715697,0.495541780290922,0.337390428388393,0.142857142857143,0.222222222222222,0.634537723375503,0.642857142857143,NA,NA,0.5,1.21428571428571,0.7,0.6
"haM8gzenfiOZvco8ocxKJo9hW8","G70NDfvVTsAVQheihRzE","33ff78","3.0",0.56,0.6875,0.604166666666667,0.846153846153846,0.666666666666667,0,-0.324166666666667,0.0408717483093569,0.753527095737023,0.280067150654548,0.142857142857143,0.444444444444444,0.839386208223988,0.261904761904762,NA,NA,0.75,1.64285714285714,0.7,0.8
"HChd9Aq24EOQ2eU4y7ueo8kRdo","hgHAiY89xQA0EOPof2AH","223301","2.0",0.585,0.666666666666667,0.958333333333333,NA,0.666666666666667,0.166666666666667,-0.346666666666667,0.0383708364538158,0.536210234678246,0.135027840194706,NA,NA,NA,NA,0.775,0.68,0.25,1,0.75,0.933333333333333
"HHhuEJ8SU5LmTkqrbBjgraaoYw","TMPyNQqUYmFpDT4dIx6o","223301","2.0",0.585,0.6875,0.708333333333333,NA,0.625,0.166666666666667,-0.0616666666666666,0.0280912723152053,0.903046694455626,0.865815036954355,NA,NA,NA,NA,0.775,0.52,0.25,1.5,0.55,0.4
"hlLSGQ2Y8iKyUgNCJPslTdULz5","ZaiPI6KxZbJXurbQHgZw","223301","2.0",0.61,0.583333333333333,0.666666666666667,NA,0.541666666666667,0.333333333333333,0.110237154150198,0.033702305071655,0.880050476316856,0.90894822016054,NA,NA,NA,NA,0.775,0.64,0.25,0.928571428571429,0.75,0.8
"HMorbafmvWgMbQra1aeUeCDZUt","hOh8xx8AaUnnhlvjxQ3I","223301","2.0",0.68,0.936170212765957,1,NA,0.833333333333333,0.166666666666667,0.0333333333333333,0.040760055517582,0.527045715847513,0.346959484964374,NA,NA,NA,NA,0.9,0.64,0.25,1.28571428571429,0.7,0.933333333333333
"HqbgUkO3OIjzL5eJ93pHNmiOro","Z461K2AhYjH0dLK3poZS","223301","2.0",0.625,0.4375,0.645833333333333,NA,0.791666666666667,0.333333333333333,-0.0807575757575757,0.0435702550032374,0.948013649745802,0.708687981136162,NA,NA,NA,NA,0.9,0.48,0.25,1.07142857142857,0.6,0.666666666666667
"HSoSwwbH35lqpoIXceM6dQWjth","ZaiPI6KxZbJXurbQHgZw","33ff78","3.0",0.645,0.666666666666667,0.604166666666667,0.769230769230769,0.625,0.666666666666667,0.10804347826087,0.027611131186242,0.615971760910468,0.556647827005649,0.285714285714286,0.222222222222222,0.702272727272727,0.571428571428571,NA,NA,0.25,0.928571428571429,0.75,0.8
"huarkAdGUzInDTezY7mCxOMCMo","jrnhmVKt7CnPWS0OWMII","223301","3.0",0.58,0.729166666666667,0.708333333333333,NA,0.791666666666667,0.5,-0.028695652173913,0.0522527174584473,0.918490285769295,0.257912089054792,NA,NA,NA,NA,0.875,0.52,0.75,1.21428571428571,0.6,0.466666666666667
"HVEQm8sUE7YYdcl2kyLGvvpMIh","NxSM8j8zHJPoJjfz8Noq","223301","2.0",0.64,0.708333333333333,1,NA,0.625,0.5,-0.0768181818181818,0.033272711171356,0.682813413868773,0.212277050033277,NA,NA,NA,NA,0.95,0.8,1,1.42857142857143,0.75,0.866666666666667
"HzkqNoBV9xN7djmp8KYHcQGVQT","fqW72q81GSezW9MEdWpP","33ff78","3.0",0.64,0.875,0.9375,0.769230769230769,0.833333333333333,1,0.1,0.0425310932617483,1.28394651715204,0.226554227023566,0.857142857142857,0.555555555555556,0.839545454545454,0.642857142857143,NA,NA,0.25,0.571428571428571,0.75,0.6
"i1wh1WRykFHZcHCz0zf0mvegZ5","IYKbdVH3zHeJj7IgBVaL","223301","2.0",0.61,0.5,0.416666666666667,NA,0.5,0.166666666666667,0.0158333333333334,0.0414811874610153,1.57424055862178,0.777240326279323,NA,NA,NA,NA,0.675,0.4,0,0.785714285714286,0.6,0.333333333333333
"i5UFDkXnaRVysYE6L1vvl2d9bc","ssw6lvCnvrisvRGBeBcS","33ff78","2.0",0.61,0.895833333333333,0.916666666666667,0.846153846153846,0.625,0.333333333333333,-0.0921739130434782,0.0364527969682754,0.532690798948499,0.275580000414671,1,0.666666666666667,0.936363636363636,0.80952380952381,NA,NA,0.25,1.21428571428571,0.75,0.733333333333333
"I6b92yXgrhcb0WaJZq2JqLZK48","RnQEyUa56RLEAXytUDqr","33ff78","2.0",0.625,0.6875,0.75,0.846153846153846,0.666666666666667,0,0.105833333333333,0.0405795168693545,0.423561422834042,0.32343802475003,0.714285714285714,0.888888888888889,0.879242424242424,0.738095238095238,NA,NA,0.75,NA,NA,0.933333333333333
"iaPzG0A5rMoHOvJtyXEIWXHKDL","B4SJRdeMnvSZVO8gkm52","33ff78","3.0",0.65,1,0.979166666666667,0.846153846153846,0.625,0.833333333333333,-0.0218421052631579,0.0409807539718615,0.87546670469787,0.196925443077327,0.714285714285714,0.444444444444444,0.984545454545455,0.833333333333333,NA,NA,0.5,1.21428571428571,0.75,0.866666666666667
"iDMUcWLfoMtgpi68Uh0jNB8ws5","7p5QU381QSJDXva6VcAw","223301","2.0",0.536912751677852,0.8125,0.777777777777778,NA,0.541666666666667,0.166666666666667,0.0994884910485934,0.0393014567360442,1.05595758854451,0.390406487469422,NA,NA,NA,NA,0.975,0.6,0.25,0.857142857142857,0.7,0.266666666666667
"IeeHxA8B20Qf7dqBptd23gQsws","ggUZHShAMFgLfCl29kzl","all","3.0",0.59,0.5625,0.666666666666667,0.923076923076923,0.416666666666667,0.833333333333333,0.374242424242424,0.0503008316948202,0.812861751794531,0.356942229413973,0.142857142857143,0.777777777777778,0.56530303030303,0.595238095238095,NA,0.68,0.25,1,0.2,0.466666666666667
"iFamuIblll2y66SzBHELG8uYIr","IpVEycSzzPWwL6RWWju0","223301","2.0",0.65,1,0.9375,NA,0.708333333333333,0.666666666666667,-0.152727272727273,0.0214760225036216,0.551629143779207,0.0819269583292679,NA,NA,NA,NA,0.975,1,0.75,0.714285714285714,0.8,1
"InuVSSgb9zkRgNy4sBB990gX9a","0m8Mvtx03NTVAaAm2cLu","all","3.0",0.648241206030151,0.645833333333333,0.625,0.769230769230769,0.75,0,-0.469565217391304,0.0376047487767919,0.439212224920624,0.194588277156107,0.428571428571429,0.555555555555556,0.886363636363636,0.69047619047619,NA,0.48,0.25,0.714285714285714,0.65,0.6
"iryqg2FDANfoL7xlBeKUYDqcKu","i7tXFpSRGtKMAse1e8Ho","33ff78","2.0",0.615,0.729166666666667,0.666666666666667,0.846153846153846,0.625,0.5,-0.0597826086956522,0.0435939711288963,0.661665699187491,1.01378272100502,0.142857142857143,0.777777777777778,0.78969696969697,0.642857142857143,NA,NA,0.5,1.14285714285714,0.65,0.8
"ismtccbpw2J4d0HWHTJoHAvohW","r4qNysPnR4M81e9YnX3c","33ff78","3.0",0.615,0.8125,0.916666666666667,0.923076923076923,0.833333333333333,0,0.145833333333333,0.0338669767570041,0.735930481213172,0.250970777571912,0.857142857142857,0.777777777777778,0.73711348095126,0.571428571428571,NA,NA,0.25,1.71428571428571,0.7,0.933333333333333
"Itq6YDWXogHpqw9eUguLicnSnw","CMtMThAxd6T3GsT3xQtf","33ff78","2.0",0.67,0.770833333333333,0.895833333333333,0.769230769230769,0.791666666666667,0,-0.0556521739130434,0.0325700658938406,0.626518733385991,0.343511191306026,0.857142857142857,0.555555555555556,0.795,0.761904761904762,NA,NA,0.25,0.785714285714286,0.7,0.733333333333333
"iUoaclJ0iNGd3lrdVB4QpU2y5S","2Xgbp4RxjncszaJ0yNdz","223301","2.0",0.6,0.5625,0.666666666666667,NA,0.833333333333333,0,-0.25,0.0284462853643582,0.773282813456217,0.229502413840792,NA,NA,NA,NA,0.9,0.48,0.25,1.35714285714286,0.65,0.6
"iWZV2PU87ZA9ARDZfLyk1JbGhi","SMK8iaeG6GeikqKFeAv1","223301","3.0",0.565,0.5625,0.645833333333333,NA,0.583333333333333,0.333333333333333,-0.0658333333333334,0.0292350740933793,0.770960511215479,0.581591489173254,NA,NA,NA,NA,0.825,0.44,0.5,1.14285714285714,0.8,0.866666666666667
"J7ihM1rNvpFkv9kc6OmTQXHCLx","kWQWRj6ohfhOFyzKBIXh","all","3.0",0.595,0.5,0.458333333333333,NA,0.791666666666667,0,0.13,0.015731066770453,0.91788428514363,NA,NA,NA,NA,NA,0.775,0.44,0.25,2,0.35,0.733333333333333
"jD9DLaZo1jwq1HQt3MjwiFBWPC","8TGLPTRU6zzng7ig6wje","33ff78","2.0",0.615,0.729166666666667,0.833333333333333,0.846153846153846,0.708333333333333,1,0.0495614035087719,0.0342192060190003,0.383213156630224,0.298314893211378,0.142857142857143,0.333333333333333,0.728477117314897,0.642857142857143,NA,NA,0.25,0.714285714285714,0.6,0.8
"JDv0NcqC4sKpJ9VeMSroAaH5b4","KfKgT4e1rIjUHqtQszhH","223301","2.0",0.611111111111111,0.666666666666667,0.75,NA,0.625,0.166666666666667,-0.0397826086956522,0.033816928834368,1.49864297255578,0.726616935145662,NA,NA,NA,NA,0.75,0.64,0.5,2.21428571428571,0.6,0.4
"jmx8Z9rk1FOmp3RvROlgD1FIX7","MCgC36f8VkjRXQh65Pcc","all","3.0",0.54,0.520833333333333,0.5,NA,0.875,0,0.125,0.0378201137076233,0.855801731510994,0.30957620148066,NA,NA,NA,NA,0.9,0.56,0.5,0.785714285714286,0.65,0.4
"JQFPu9m9NnDMDJQvNvR5DXXDc7","S212lGrFbeNNaltKejk4","all","3.0",0.648241206030151,0.729166666666667,0.916666666666667,0.846153846153846,0.75,0,-0.270833333333333,0.030255602623225,1.25094458628682,0.307887601522497,1,0.333333333333333,0.970749844587624,0.547619047619048,NA,0.56,0.75,1.21428571428571,0.8,0.866666666666667
"JS32cIEpCOOr1OQH9ltSrnVqSc","AgUaUGHnrmh9OdHfzKW4","all","3.0",0.555,0.458333333333333,0.708333333333333,NA,0.625,0,-0.294166666666667,0.0425395364773354,1.00963000267621,0.926104583191515,NA,NA,NA,NA,0.85,0.28,0.5,1,0.65,0.533333333333333
"JSDE68T8aypcDZUKRyPMs9hgmo","ar7v9p9CcVBVaL8ef6Na","33ff78","2.0",0.557788944723618,0.958333333333333,0.979166666666667,0.615384615384615,0.833333333333333,0.5,-0.190434782608696,0.0357544770094454,0.650169645084067,0.201838812786393,0.714285714285714,0.666666666666667,0.798636363636364,0.619047619047619,NA,NA,0.5,0.785714285714286,0.75,1
"jvMdaQuG8bgE4aPL7ykmq9RjTE","f9SLvrBHkn9TRQ3evbJS","all","3.0",0.67,0.75,0.625,NA,0.625,0,-0.05,0.0459730361316086,0.648564064122707,0.554922038980543,NA,NA,NA,NA,0.925,0.52,0.75,0.928571428571429,0.8,0.866666666666667
"jZ910is7AuKoVUsHj6V4DNR3YW","W50RS0BSWDoaNnfz2Td3","223301","3.0",0.71,0.5625,0.520833333333333,NA,0.75,0,-0.03,0.037595850540622,0.872908277972339,0.32022668074719,NA,NA,NA,NA,0.925,0.48,0.25,1.07142857142857,0.7,0.8
"K2DYK1M7sDrx5DFRGqGNzfbkn0","BPlxMldvQI0yorUhVfBz","33ff78","2.0",0.50251256281407,0.75,0.770833333333333,1,0.791666666666667,0,-0.103333333333333,0.0403444448952224,0.764202999989944,0.485617185865405,0.857142857142857,0.222222222222222,0.947272727272727,0.69047619047619,NA,NA,0.25,0.857142857142857,0.65,0.6
"kf9NAQaqzk77HcPbq0DI2ga0AG","9a6rmA3HTTfVyRjdMjHp","33ff78","3.0",0.633165829145729,0.520833333333333,0.416666666666667,0.692307692307692,0.708333333333333,0,0.204393939393939,0.0401701066246734,3.60960376063765,0.736379744252927,0.285714285714286,0.111111111111111,0.620446814284594,0.476190476190476,NA,NA,0.25,1.71428571428571,0.6,0.6
"kjTfRJQho7ynOHWmgLuFGqcZAa","L3zT8iY3c9deEEGpnfdn","33ff78","2.0",0.6,0.645833333333333,0.666666666666667,0.692307692307692,0.5,0.833333333333333,0.357149758454106,0.0400373273037646,0.515989642293969,0.549580856728937,0.571428571428571,0.333333333333333,0.874090909090909,0.547619047619048,NA,NA,0.5,NA,NA,0.4
"KUD1kf6hnb3NShner2z1iesdGV","ZqCXnO7iF8XSvdvJkduw","33ff78","2.0",0.49,0.541666666666667,0.625,1,0.541666666666667,0.333333333333333,-0.0612173913043478,0.0539565357021046,1.39223629002688,0.723934056662243,0.428571428571429,0.333333333333333,0.752280458442679,0.666666666666667,NA,NA,0,NA,NA,0.8
"Kvx19sZrsxOKiBTw44hpejDRil","9XhFGFO6RL7MxxoxWLpe","223301","2.0",0.676923076923077,0.541666666666667,0.479166666666667,NA,0.666666666666667,0,0.181666666666667,0.0417805875018926,1.87100823008274,2.17047230231873,NA,NA,NA,NA,0.725,0.52,0.25,1.57142857142857,0.6,0.2
"kYrqtLvACktr7uDAUd4x7Qg9X5","I9gmFwCO9p5xFLn4C1dI","33ff78","3.0",0.653266331658292,0.5625,0.666666666666667,0.923076923076923,0.583333333333333,0.666666666666667,-0.104242424242424,0.0334533019640827,0.790353701823744,0.619276221764943,0.142857142857143,0.222222222222222,0.837727272727273,0.19047619047619,NA,NA,0.25,1.57142857142857,0.8,0.666666666666667
"l4lokMvlJ9evH2m2pyxepzLhBw","OdlRGXwUub5lMuQb97e9","223301","2.0",0.775,1,1,NA,0.875,0,-0.279166666666667,0.0322413196360844,0.876934077946758,0.328767856729152,NA,NA,NA,NA,0.825,0.92,0.25,0.714285714285714,0.65,0.8
"la8x8AdnYUHaEan01UUEsEl0S7","xeucm00Q0USUOiZfCPWm","33ff78","2.0",0.51,0.604166666666667,0.666666666666667,0.769230769230769,0.625,0,-0.125869565217391,0.040963263000106,0.426295421143449,0.178585444870404,0,0.333333333333333,0.829242424242424,0.428571428571429,NA,NA,0.25,1.14285714285714,0.55,0.733333333333333
"LExtiZRuw0jBrlcMOT60GIg8NN","Zi8AdIWAZjgoDBqchpSx","223301","3.0",0.635,0.645833333333333,0.770833333333333,NA,0.541666666666667,0.833333333333333,0.187666666666667,0.0352147301050548,0.843619027593803,0.202454537342721,NA,NA,NA,NA,0.925,0.24,0.25,1,0.8,0.8
"lh2RHmyy0ew9l0StewBU2C0Yvv","8mwyokdr12PKDZFUp0oI","all","3.0",0.605,0.6875,0.604166666666667,NA,0.791666666666667,0.5,0.139166666666667,0.0329874847163076,0.533756394224245,0.468492989062502,NA,NA,NA,NA,0.875,0.48,0.25,1.57142857142857,0.7,0.666666666666667
"lHd1ET8nnPcQTorsMucW0DkJK4","mW12mcCvJvTrSTWLYGfP","223301","2.0",0.638190954773869,0.354166666666667,0.5,NA,0.5,0,0.111666666666667,0.00436585828749789,1.08545929171149,2.05455335909518,NA,NA,NA,NA,0.725,0.48,0.5,1,0.7,0.266666666666667
"lIxJhCrnOIM2gzZFXlWPCbtQjH","cHUwdJYSYjF7TgAvmOz7","223301","2.0",0.655,0.604166666666667,0.604166666666667,NA,0.75,0,-0.276666666666667,0.0337992779252965,1.12086219711139,0.273051854274436,NA,NA,NA,NA,0.8,0.76,0.75,1.35714285714286,0.8,0.8
"LJHPM8hzFRLxJl3YQL5MtiVRy3","4FSviDE1FIxFULHiw72J","223301","3.0",0.695,0.875,0.979166666666667,NA,0.833333333333333,0.666666666666667,0.0557575757575757,0.0403244564037252,1.00415009808287,0.254597299029955,NA,NA,NA,NA,0.95,0.44,0.25,1,0.8,0.8
"Lmyz8FFPhsaEehyjBz88gyqfGM","XxMjjODoFfCfih2dGFdw","all","3.0",0.6,0.979166666666667,1,NA,0.958333333333333,0,-0.105833333333333,0.044714074836384,0.599398068442955,0.0899041005740813,NA,NA,NA,NA,0.9,0.84,1,0.785714285714286,0.8,0.866666666666667
"Lqah72i9UEryDGU1ciNFjT57F9","iduhFd2bRDiLb4rOt1kE","223301","2.0",0.735,0.6875,0.666666666666667,NA,0.708333333333333,0.166666666666667,-0.0170289855072464,0.0272495269800483,0.447021791087414,0.161596521272655,NA,NA,NA,NA,0.775,0.72,0,0.714285714285714,0.75,0.666666666666667
"lQXvpDsk81UCBfymYedDgwuBk4","3gcw66z4RGEahyQVR1wS","33ff78","3.0",0.57286432160804,0.520833333333333,0.604166666666667,0.615384615384615,0.791666666666667,0,-0.119848484848485,0.0297304345692078,1.00629961183408,0.25056303837527,0.714285714285714,0.333333333333333,0.935909090909091,0.571428571428571,NA,NA,0,1.07142857142857,0.6,0.533333333333333
"ltoSq8KHmp8mwGFWsxU8IWO6tD","UHo9hzYOvPmnvRFiAHRN","33ff78","3.0",0.55,0.458333333333333,0.458333333333333,0.692307692307692,0.583333333333333,0,0.363333333333333,0.0330343495095201,0.768748365355883,0.489205652125619,0.285714285714286,0.333333333333333,0.887878787878788,0.547619047619048,NA,NA,0.5,0.571428571428571,NA,0.666666666666667
"lTYUlbJy1cQafsVm9YcaiXA9XD","BVLzRiH7EOPxi5TjRmpa","33ff78","2.0",0.625,0.979166666666667,1,0.846153846153846,0.875,0.666666666666667,-0.00577075098814228,0.0240892198642173,0.792204291908037,0.15879412045858,1,0.888888888888889,0.944545454545455,0.857142857142857,NA,NA,0.25,0.642857142857143,0.65,0.8
"m0FTaOppbu6gL2cZo9VnnFHO7u","eOhVemAeENOMaOitnTp1","223301","3.0",0.55,0.8125,1,NA,0.75,0.333333333333333,-0.0566666666666666,0.0296785731075866,0.641214845643748,0.188498234920568,NA,NA,NA,NA,0.95,0.84,0,1,0.7,0.933333333333333
"M3QkqwsGG89cfZHwg8LJX8Bq8F","nM6m8SlLUk4HLoIteGDY","33ff78","2.0",0.59,0.666666666666667,0.958333333333333,0.615384615384615,0.583333333333333,0.833333333333333,0.0526666666666666,0.0354861319252885,0.63189237818302,0.253565040393604,0.857142857142857,0.666666666666667,0.760749844587624,0.738095238095238,NA,NA,0.5,1,0.7,0.8
"mAJ6Q8hXkk3N36SATgPIaTluPr","4kOOnie1YhrqZIbs28zo","33ff78","3.0",0.6,0.479166666666667,0.395833333333333,0.461538461538462,0.666666666666667,0,-0.2325,0.0409870440576259,1.57375230591421,0.905147288803337,0,0.222222222222222,0.584090909090909,0.452380952380952,NA,NA,0,1.71428571428571,0.55,0.4
"mbDcdlz9U4l55XGz8vMZHd9va3","9a6rmA3HTTfVyRjdMjHp","223301","2.0",0.695,0.583333333333333,0.5625,NA,0.916666666666667,0,-0.21304347826087,0.0371006754697938,2.63690574514406,4.08491149576766,NA,NA,NA,NA,0.9,0.44,0.25,1.71428571428571,0.6,0.6
"MEb7oXeDnmtQ0bC3VQKEpwBH12","eupIsJaT0DGhPRxYpQ8L","33ff78","2.0",0.601010101010101,0.5625,0.604166666666667,0.846153846153846,0.791666666666667,0,-0.0475,0.0438168191996647,1.78651307615982,0.447524898298106,0,0,0.759393939393939,0.642857142857143,NA,NA,0.25,0.857142857142857,0.65,0.8
"meiZiwHutrHevfamc4U1u2OBTM","ssw6lvCnvrisvRGBeBcS","223301","3.0",0.72,0.979166666666667,0.916666666666667,NA,0.791666666666667,0.166666666666667,-0.142450592885376,0.0320215661862343,0.866947137306541,0.89976197101836,NA,NA,NA,NA,0.825,0.72,0.25,1.21428571428571,0.75,0.733333333333333
"mh9O5GpdRZjMqgwGEmUhX3anXG","UFRJdGUwd0moGbSE7cst","223301","3.0",0.67,0.979166666666667,0.979166666666667,NA,0.666666666666667,1,-0.0394949494949495,0.0267591766963073,0.581141456312498,0.298523587310165,NA,NA,NA,NA,0.975,0.68,0.5,1,0.7,0.8
"mhd9G7AKYkzOqfvmCO3sndg292","anjHfZoe4UgUXeUG4cRG","33ff78","2.0",0.635,1,0.9375,1,0.791666666666667,0,-0.0166666666666666,0.026264426185571,0.709292888077861,0.226554227023566,1,0.777777777777778,0.89211348095126,0.785714285714286,NA,NA,1,1.71428571428571,0.8,0.933333333333333
"MHzEVEOUqQdyi9lBwTBhVZB0yz","Geb5rWaHWEd3uwguNWcs","all","3.0",0.53030303030303,0.458333333333333,0.583333333333333,0.538461538461538,0.666666666666667,0.333333333333333,0.333333333333333,0.0399527430681154,1.1667157504217,0.346904339768064,0.285714285714286,0,0.412591219915661,0.119047619047619,NA,0.4,0.75,2.42857142857143,0.8,0.466666666666667
"MKW2QXyD9Vaxzm83ty5tcL1dl7","y78BOQcjNLdT5hBj7nwc","all","3.0",0.576530612244898,0.458333333333333,0.604166666666667,NA,0.625,0.666666666666667,-0.127727272727273,0.0457050293634984,0.397054812916251,0.525567123522836,NA,NA,NA,NA,0.575,0.6,0.25,1.42857142857143,0.7,0.533333333333333
"mlurIW2qwwJJGZSC2yeDqFlPH2","rrYkTrwh2TMMv1IvrzIl","223301","2.0",0.63,0.466666666666667,0.541666666666667,NA,0.416666666666667,0,0.156376811594203,0.0271514364582756,1.43961569600071,0.398962094115288,NA,NA,NA,NA,0.425,0,0.5,1.28571428571429,0.2,0.4
"MNyIE31KbTEqCZOUsiD7W0U3Fe","RFalvbYJxC4UaWeVP9Bl","33ff78","2.0",0.635,0.520833333333333,0.625,0.307692307692308,0.541666666666667,0,0.03,0.0507736704337706,3.99628515012649,1.46502475129126,0.142857142857143,0,0.762272727272727,0.380952380952381,NA,NA,0.25,NA,NA,0.333333333333333
"MPEyNy8ucm7dhQqVMwAyedTOPT","h17Cxfp7nZAh7AH24kxM","223301","2.0",0.74,0.604166666666667,0.6875,NA,0.833333333333333,0,-0.0185507246376811,0.0370966656801606,0.550068388674778,0.653135038834792,NA,NA,NA,NA,0.85,0.84,0.5,1.14285714285714,0.8,0.866666666666667
"Mt4ZKGtEdgGB8QwbSvGjtFfivE","shked6eL049hKEaBmQHp","223301","2.0",0.575,0.625,0.625,NA,0.666666666666667,0,-0.0588405797101449,0.0275488159326075,0.936881459766717,0.29286354419418,NA,NA,NA,NA,0.725,0.56,0.25,1,0.7,0.6
"Mw8OshkcRay9bkaPYocdIKTc6S","ArJe1KvmkJTNycVXUr9z","33ff78","3.0",0.668341708542714,0.791666666666667,0.958333333333333,0.769230769230769,0.708333333333333,0.833333333333333,0.220666666666667,0.0375617637408417,0.397372724755365,0.278515735850932,0.714285714285714,0.666666666666667,0.949090909090909,0.738095238095238,NA,NA,0.75,1.57142857142857,0.75,0.666666666666667
"Mx8vIXApijMaRfRVx5CwheNj7R","sdP0xt7UwYVx6QCBUGb9","33ff78","2.0",0.575,0.5625,0.5,0.769230769230769,0.583333333333333,0.333333333333333,0.196666666666667,0.0284427366413576,0.824743961674078,0.933668571400027,0.428571428571429,0.444444444444444,0.772727272727273,0.404761904761905,NA,NA,0.25,1,0.7,0.6
"MZD1woFNVuMp7ONLMtXW39RH56","aRuVj08pGlSs7XhXvV1v","all","3.0",0.67741935483871,0.541666666666667,0.520833333333333,1,0.458333333333333,0,-0.00260869565217392,0.0386763494457954,0.764075703518987,1.84322943997064,0.285714285714286,0.444444444444444,0.901954234629793,0.404761904761905,NA,0.56,0.25,1.57142857142857,0.55,0.533333333333333
"mZQX9snXo5gqjk3wTgvozxcrZ9","rjnyZKpQLvnf7DCvDstX","all","3.0",0.69,0.916666666666667,1,NA,0.666666666666667,0.666666666666667,-0.186666666666667,0.034857181234848,0.629626215355462,0.263607146470767,NA,NA,NA,NA,0.9,0.72,0.75,0.857142857142857,0.75,0.8
"N3054XDhNZGD0iS6opEp9XT1k5","xbPQAQQy3KmYXujyV081","all","3.0",0.665,1,1,NA,0.75,0.833333333333333,0.183636363636364,0.0317227214042585,0.108268611361849,0.14127465222369,NA,NA,NA,NA,0.9,0.88,0.5,0.714285714285714,0.8,0.733333333333333
"N5lNa4Sc3baOKPmS2V3PK3Wbf2","aZs8wpnT6CHJ3p34tnMW","33ff78","2.0",0.456043956043956,0.425531914893617,0.583333333333333,0.0769230769230769,0.5,0,-0.0366666666666667,0.0820717558334507,1.85132340183765,1.42902070814478,0,0,0.569545454545455,0.238095238095238,NA,NA,0.25,NA,NA,0.4
"n8PDqL1IFVXn1WZ6w0X41ZX163","RfbBaOcYhNZIheZ2Acqy","all","3.0",0.64,0.645833333333333,0.479166666666667,0.846153846153846,0.583333333333333,0,-0.0572463768115943,0.0359950968706222,0.8433592291071,0.635266470802709,0,0.555555555555556,0.685909090909091,0.452380952380952,NA,0.48,0.25,1,0.75,0.4
"NCKDXsjU7cHV4OrBkf6dv3smaO","cHUwdJYSYjF7TgAvmOz7","33ff78","3.0",0.565,0.5625,0.541666666666667,0.692307692307692,0.666666666666667,0,-0.168333333333333,0.0314908062428549,0.528113363093264,0.153968268198504,0.428571428571429,0.555555555555556,0.882272727272727,0.642857142857143,NA,NA,0.75,1.35714285714286,0.8,0.8
"NhLuEUpFKVLMXcgOH9FRZibbUN","hRGa6FaIRK7j9S0HeI7X","33ff78","3.0",0.55688622754491,0.5,0.479166666666667,0.153846153846154,0.708333333333333,0,-0.140833333333333,0.0397652873739814,0.989515884233703,0.658579403137337,0.285714285714286,0,0.371212121212121,0.19047619047619,NA,NA,0.5,1.21428571428571,0.35,0.333333333333333
"Np9xBdnXrqDKe1Mr2PbhL3eUe4","HNOz9hc9LYQrYm4Qboy1","33ff78","2.0",0.592964824120603,0.5625,0.604166666666667,0.846153846153846,0.666666666666667,0.166666666666667,-0.111212121212121,0.0478483838710106,0.751890050691495,0.690138268509136,0.714285714285714,0.333333333333333,0.758484848484848,0.595238095238095,NA,NA,0,1.35714285714286,0.75,0.866666666666667
"nPHlI0wMezMlr4dlNlYp3MfY8E","A0ZERTjB3QmbFrsO9HkF","33ff78","3.0",0.57,0.770833333333333,0.979166666666667,0.923076923076923,0.666666666666667,0.5,-0.0130303030303029,0.0449203771655519,0.709034538368783,0.161473310201622,0.857142857142857,0.444444444444444,0.902727272727273,0.69047619047619,NA,NA,0.25,1.21428571428571,0.8,0.8
"NuVR9CWI1MxfKe1JaoNmuF66sU","i8Omv5ng1pgjhYSuJxQk","223301","3.0",0.745,0.583333333333333,0.916666666666667,NA,0.833333333333333,0.5,-0.26969696969697,0.0331738197248391,0.503885619238385,0.262114551764797,NA,NA,NA,NA,0.875,0.68,0.75,0.857142857142857,0.5,0.8
"nwrdVtIoCYnYZLpKf7hM0SzpTA","ar7v9p9CcVBVaL8ef6Na","all","3.0",0.7,0.9375,0.979166666666667,NA,0.875,0.5,-0.136739130434783,0.0375475009999293,0.802426786042803,0.104323576872659,NA,NA,NA,NA,0.975,0.72,0.5,0.785714285714286,0.75,1
"NZN7BcYRtWqW3CM7xNuzZODHlk","9XhFGFO6RL7MxxoxWLpe","all","3.0",0.56,0.541666666666667,0.4375,0.615384615384615,0.583333333333333,0,0.144166666666667,0.0494553717105392,1.61117127241718,2.17491344697159,0,0.222222222222222,0.632591219915661,0.357142857142857,NA,0.36,0.25,1.57142857142857,0.6,0.2
"o9cl9d8I9GR8WwsVdnJfEPnqyR","hqp2nsvojwr8iuELG6MC","33ff78","2.0",0.46969696969697,0.625,0.468085106382979,0.0769230769230769,0.541666666666667,0,-0.0375,0.0357059302810553,1.61577350714117,0.874295577322219,0,0,0.69,0.238095238095238,NA,NA,0.25,0.857142857142857,0.5,0.4
"oDIl4pCJ67Ls5WPm3SYKzacg0Y","r4qNysPnR4M81e9YnX3c","223301","2.0",0.58,0.625,0.875,NA,0.708333333333333,0,0.260869565217391,0.0331861913516954,0.689161390298264,0.288702683743461,NA,NA,NA,NA,0.975,0.64,0.25,1.71428571428571,0.7,0.933333333333333
"oDPrb4oB7ChKhHdu1LOUMcjzfF","ugmetYJPKn2PqPEAlqOj","33ff78","3.0",0.625,0.708333333333333,0.765957446808511,0.769230769230769,0.75,0.666666666666667,-0.0436842105263158,0.0352369266663193,0.353896681671734,0.236429230821077,0.714285714285714,0.555555555555556,0.899090909090909,0.642857142857143,NA,NA,0.25,0.857142857142857,0.65,0.6
"oeHqGz00MABds0ueuvAhHv2B7f","XxMjjODoFfCfih2dGFdw","33ff78","2.0",0.575,0.958333333333333,0.979166666666667,0.923076923076923,0.875,1,-0.0715217391304348,0.0490057652489559,0.444545837209711,0.0975147989999645,1,0.888888888888889,0.996363636363636,0.761904761904762,NA,NA,1,0.785714285714286,0.8,0.866666666666667
"OEv4oR3P7g9GxQ2pm2HWNBuv1V","4G3bH2IHyVIK4atUuWIK","223301","2.0",0.638190954773869,0.872340425531915,0.9375,NA,0.875,0.166666666666667,-0.0878260869565217,0.0260200826398463,0.451601253423767,0.382866156013732,NA,NA,NA,NA,0.925,0.64,0.5,1.35714285714286,0.65,0.666666666666667
"OO4yb0INB3A6g0bjsbmN4Pk7cC","umthPijt9cdE4VLD81bJ","223301","3.0",0.495,0.458333333333333,0.458333333333333,NA,0.583333333333333,0,-0.0108333333333334,0.137455945431366,0.996403586356967,0.43460959307668,NA,NA,NA,NA,0.675,0,0.75,1.14285714285714,0.45,0.466666666666667
"OUyUsDaGiWONW7yYbyNCL9uGrH","gikzvP6ZbEZVnubjwhn0","223301","2.0",0.62,0.625,0.979166666666667,NA,0.541666666666667,0.333333333333333,0.165782608695652,0.033991674405435,0.748170437881544,0.250907175749523,NA,NA,NA,NA,0.825,0.36,NA,NA,0.45,NA
"Ox2JDobTVCybEB6T15i8Cf82Z1","ZazO4pBxhyRgvmniXpL0","33ff78","2.0",0.591954022988506,0.416666666666667,0.520833333333333,0.153846153846154,0.5,0,0.00782608695652176,0.0659227910489623,1.50051046327963,0.759685058726208,0,0,0.467568026405806,0.0952380952380952,NA,NA,0.25,2.21428571428571,0.45,0.333333333333333
"oYAkY64ZPxVP8jZXPLzoWR1TIF","iduhFd2bRDiLb4rOt1kE","33ff78","3.0",0.63,0.520833333333333,0.604166666666667,0.692307692307692,0.666666666666667,0.166666666666667,0.1175,0.0344252749346071,0.336829939606336,0.210618197370652,0.571428571428571,0.555555555555556,0.810454545454545,0.595238095238095,NA,NA,0,0.714285714285714,0.75,0.666666666666667
"oyxOR55cQDXeapBsc3fZaDDO3f","k8F6zlB2P8u9iRMDuRnX","33ff78","2.0",0.65989847715736,0.520833333333333,0.583333333333333,0.692307692307692,0.833333333333333,0.333333333333333,-0.385217391304348,0.025247972768255,1.21788876158515,0.145520070750178,0.285714285714286,0.111111111111111,0.703484848484848,0.547619047619048,NA,NA,0.5,NA,NA,0.533333333333333
"p0OTM2UYxRVodD2GSjMf9yFcnz","f81zXUoD7CvdNqUSI1fT","33ff78","2.0",0.623115577889447,0.791666666666667,0.875,0.923076923076923,0.583333333333333,0.166666666666667,-0.294409937888199,0.0240087914187195,0.711111270286404,0.271739124091008,0.285714285714286,0.555555555555556,0.828174087011866,0.642857142857143,NA,NA,0,0.857142857142857,0.65,0.866666666666667
"p5bY6MRaajBlnoMdRAvyO5gMIh","jrnhmVKt7CnPWS0OWMII","33ff78","2.0",0.685,0.520833333333333,0.5625,0.769230769230769,0.833333333333333,0.333333333333333,-0.0460869565217391,0.0438070150432947,0.914134294972666,0.494900729568891,0.285714285714286,0.111111111111111,0.736060606060606,0.404761904761905,NA,NA,0.75,1.21428571428571,0.6,0.466666666666667
"PCJOjPEaFjLMSe7X9TUJRlYxCO","xbPQAQQy3KmYXujyV081","33ff78","2.0",0.625,0.979166666666667,1,0.846153846153846,0.75,0.333333333333333,0.0416018306636156,0.0268340006873695,0.451081647620584,0.16115751295995,1,0.888888888888889,0.812272727272727,0.785714285714286,NA,NA,0.5,0.714285714285714,0.8,0.733333333333333
"pdNlWr7CTQH6apW74umDCdw3QH","hOh8xx8AaUnnhlvjxQ3I","all","3.0",0.635,1,1,0.846153846153846,0.75,0.666666666666667,0.0833333333333334,0.0509625199005873,0.434329906783207,0.272070144893381,1,0.444444444444444,0.946204390042169,0.738095238095238,NA,0.64,0.25,1.28571428571429,0.7,0.933333333333333
"PiVOIcvagidsK5l1Jo32CvWCDk","ZTRXpGxS3z6vhaRnlrCJ","33ff78","2.0",0.6,0.6875,0.583333333333333,0.923076923076923,0.583333333333333,0,0.135652173913043,0.0462870789901615,0.942562178973126,0.808443940065094,0,0.333333333333333,0.896969696969697,0.428571428571429,NA,NA,0,1.07142857142857,0.65,0.733333333333333
"Pjfbz14qezNg7SgJcAChoj0uMd","A0ZERTjB3QmbFrsO9HkF","223301","2.0",0.666666666666667,0.770833333333333,1,NA,0.541666666666667,0.166666666666667,-0.0697628458498023,0.0435719660112156,0.989786657328334,0.198523718013171,NA,NA,NA,NA,0.825,0.6,0.25,1.21428571428571,0.8,0.8
"PjZgwtk7GZgiG79vwuy7fWuFKt","0m8Mvtx03NTVAaAm2cLu","223301","2.0",0.695,0.625,0.6875,NA,0.75,0,-0.381608695652174,0.0306215614428028,0.799200256412567,0.227186153809651,NA,NA,NA,NA,0.875,0.68,0.25,0.714285714285714,0.65,0.6
"PlgMY89khgIeydfISuQ9e32ygf","Qzfwvjt84nTzY5Y6FjmD","223301","2.0",0.645,0.543478260869565,0.6875,NA,0.708333333333333,0.833333333333333,-0.216273291925466,0.0324852223807649,0.917760055818905,0.218436227719689,NA,NA,NA,NA,0.9,0.56,0.5,1,0.65,0.466666666666667
"Ppfoji9eEugOrhKYj94KMT0HGb","4kOOnie1YhrqZIbs28zo","223301","2.0",0.578947368421053,0.541666666666667,0.5625,NA,0.708333333333333,0,0.0216666666666666,0.0359113672997451,2.14991547475689,1.15985198825042,NA,NA,NA,NA,0.8,0.56,0,1.71428571428571,0.55,0.4
"pXLD8gCCp0YZ9CquUV1lQCIj5c","lqho7BLGoZS5OORpai7P","all","3.0",0.76,0.604166666666667,0.541666666666667,0.769230769230769,0.666666666666667,0,0.2075,0.0421317611112685,1.7904055496521,0.828377615723459,0,0,0.801977428139649,0.404761904761905,NA,0.48,0,0.857142857142857,0.6,0.533333333333333
"py7jbxE4VPFG6MqqZSDhfuGTDs","eKfdPzOOh91TaRYeDnXJ","33ff78","3.0",0.635,0.791666666666667,0.645833333333333,0.846153846153846,0.791666666666667,0.333333333333333,0.0810606060606061,0.0281941238734993,0.579853112252686,0.643280622338692,0.142857142857143,0.222222222222222,0.856969696969697,0.523809523809524,NA,NA,0.25,1.28571428571429,0.7,0.6
"Q4nO28lawb841N4D0hAPQTf6Ba","3JKW5zSXGkFMU7hy3Uim","all","3.0",0.675,0.729166666666667,0.708333333333333,NA,0.708333333333333,0.666666666666667,-0.2625,0.0329316662325143,0.431668623874137,0.308777168196752,NA,NA,NA,NA,0.8,0.44,0.25,1.35714285714286,0.7,0.666666666666667
"q4nRVOcjo2BHXLaJItbKSgI6Cl","OdlRGXwUub5lMuQb97e9","all","3.0",0.655,0.9375,0.979166666666667,0.846153846153846,0.833333333333333,0,-0.110833333333333,0.0319410612333668,0.681010665967082,0.27035487021891,1,0.888888888888889,0.997272727272727,0.880952380952381,NA,0.92,0.25,0.714285714285714,0.65,0.8
"QAcxnX5whLezD6eIXggzl4ullf","5sGgiEeaWXdIqrSQzgLF","33ff78","2.0",0.633165829145729,0.51063829787234,0.782608695652174,0.923076923076923,0.541666666666667,0.5,0.158333333333333,0.0269791071912168,0.651324353665232,0.394321903020243,0.142857142857143,0.555555555555556,0.958477117314897,0.619047619047619,NA,NA,0.5,2,0.6,0.8
"qcBkL39dkK3y5XYrguXEcIzrh7","zTt0PnVmwCWZJhox1xvC","223301","2.0",0.59,0.479166666666667,0.5,NA,0.583333333333333,0,0.315833333333333,0.042156798946189,1.87025696970483,1.39780992017257,NA,NA,NA,NA,0.65,0.6,0.5,1.57142857142857,0.7,0.533333333333333
"qCge55z6sePX7YlnEdaIz3NyoE","g1JcNpdnT9oM4l8QeLgq","223301","2.0",0.54,0.833333333333333,0.979166666666667,NA,0.625,0.166666666666667,0.188333333333333,0.0412622460063974,0.890776919043854,0.193135143657706,NA,NA,NA,NA,0.95,0.8,NA,NA,0.7,NA
"QOPl6S4Wp4Kh4I8SBSWdM2imJr","T3DQQ2tQSAT8ru1GmMRG","33ff78","2.0",0.53,0.708333333333333,0.583333333333333,0.846153846153846,0.833333333333333,0.833333333333333,-0.0447619047619048,0.0442449619107489,0.845372392639827,0.253583425183605,0.142857142857143,0.222222222222222,0.859833022508581,0.761904761904762,NA,NA,0,NA,NA,0.866666666666667
"QPqW7bOyA0BMXbX6dVhHpChssW","FF5qpQ0e7LAywe75ms9a","223301","2.0",0.665,0.583333333333333,0.583333333333333,NA,0.791666666666667,0.666666666666667,0.0693675889328064,0.0362850141171451,1.12800639908708,0.223661902513887,NA,NA,NA,NA,0.925,0.48,0.25,1.07142857142857,0.7,0.6
"qPZ8cKBxRJsRwmNCZkROMXKQuj","6RaLQ2xZ082ceHJn0zSE","223301","2.0",0.516949152542373,0.541666666666667,0.513513513513513,NA,0.5,1,0.187,0.04747830153352,3.06538746389818,1.90767697210343,NA,NA,NA,NA,0.775,0.44,0.5,1,0.45,0.466666666666667
"QriUwHaeUaMM3Ux3cw7VRWzQiC","1TBQb6uvd7oFOYh3DIn1","33ff78","2.0",0.585,0.708333333333333,0.645833333333333,1,0.625,0,-0.0875,0.035270332272984,1.17749296522631,0.658208088063838,0.857142857142857,0.333333333333333,0.861515151515152,0.285714285714286,NA,NA,0.5,0.357142857142857,0.75,0.733333333333333
"qu3d5yzMG3EfSLCJy1onPbuEaG","B4xA73Nldb5hoCj3RnM2","223301","2.0",0.59,0.5625,0.979166666666667,NA,0.916666666666667,0.166666666666667,-0.0883333333333333,0.0431858136091118,0.471144281817431,0.16438922634029,NA,NA,NA,NA,0.8,0.64,0.75,0.928571428571429,0.8,0.6
"qy2ies2MnUrMAg3lka97bXkkxI","EQcUnvd175FsA5QJLyOC","all","3.0",0.685,0.75,0.979166666666667,0.923076923076923,0.791666666666667,0.5,-0.0825757575757575,0.0351820442062864,0.541651698208964,0.226497448677728,0.714285714285714,0.666666666666667,0.727272727272727,0.428571428571429,NA,0.64,0.5,1.21428571428571,0.8,0.733333333333333
"R2RMFEsKKLL476kGAbbD6e1XyX","pb405xfSmXTuwatIw1yn","223301","2.0",0.613065326633166,0.625,0.520833333333333,NA,0.708333333333333,0,-0.109166666666667,0.0329982947307347,0.991582999260125,0.162081163985509,NA,NA,NA,NA,0.925,0.8,0.5,1.35714285714286,0.8,0.8
"R4kdrJuLjAafZWmB7UsoFbNC01","G70NDfvVTsAVQheihRzE","223301","2.0",0.715,0.625,0.541666666666667,NA,0.666666666666667,0,-0.204927536231884,0.038005944716255,0.790134341712722,0.214352769127922,NA,NA,NA,NA,0.85,0.4,0.75,1.64285714285714,0.7,0.8
"r7C8R3sk0wR7wUzqJ2MLF6r2oq","KWKFW3aFOM3D8GiRagyj","223301","2.0",0.565656565656566,0.666666666666667,0.604166666666667,NA,0.708333333333333,0,0.0463241106719368,0.0186495795132662,0.714400101610066,0.853207369901133,NA,NA,NA,NA,0.9,0.76,NA,NA,0.75,NA
"r9VjXvrFI8Ee1fainGDZlMSKoI","v0GhUCEdOuSpaaqYc1mE","223301","3.0",0.69,0.645833333333333,0.729166666666667,NA,0.791666666666667,0,-0.678260869565217,0.0424815556301386,0.858023184668566,0.165882205017473,NA,NA,NA,NA,0.8,0.72,0.25,1.21428571428571,0.7,0.733333333333333
"RaBGaTuaZSYB8YVa5fShsHGDYW","hRGa6FaIRK7j9S0HeI7X","223301","2.0",0.528795811518325,0.583333333333333,0.520833333333333,NA,0.416666666666667,0,0.124347826086957,0.0448874864251026,1.32347629227427,0.740892906969222,NA,NA,NA,NA,0.45,0.04,0.5,1.21428571428571,0.35,0.333333333333333
"rDRcOADIKvymJ2TSyULLnxWo4D","BVQXcbkvoojsH8ohSYhQ","33ff78","3.0",0.665,0.625,0.479166666666667,0.769230769230769,0.791666666666667,0.833333333333333,0.115,0.0365169755799875,0.447801546006507,0.337000332916588,0.428571428571429,0.333333333333333,0.698333333333333,0.642857142857143,NA,NA,0,1.57142857142857,0.7,0.4
"reZpVynuigwhNoOnsV29hulVoH","ZTRXpGxS3z6vhaRnlrCJ","223301","3.0",0.45,0.625,0.645833333333333,NA,0.5,0,0.0173913043478261,0.0407950621106251,0.580781573133389,1.10779389352448,NA,NA,NA,NA,0.75,0.52,0,1.07142857142857,0.65,0.733333333333333
"RfOzfLl5wItGscTg2HtbDw8R2B","i8Omv5ng1pgjhYSuJxQk","33ff78","2.0",0.45,0.595744680851064,0.916666666666667,0.615384615384615,0.666666666666667,0.166666666666667,0.122333333333333,0.0446548485964229,0.86463150995207,0.751694649447938,0.857142857142857,0.333333333333333,0.842878787878788,0.595238095238095,NA,NA,0.75,0.857142857142857,0.5,0.8
"RG5rAKXpPZmVtoqMNOtz3ueiqJ","WQ5TLsN6AEzG08dUuaai","33ff78","2.0",0.585,0.5,0.729166666666667,0.923076923076923,0.791666666666667,0,-0.435,0.0457919228962172,0.599818721345403,0.387611951006894,0.571428571428571,0.333333333333333,0.936969696969697,0.619047619047619,NA,NA,0.5,1.14285714285714,0.8,0.866666666666667
"RgdRxRB2kjuKkSbE4qgx1kagbF","48dvG28tFZvFxJS3gubp","223301","2.0",0.635,0.666666666666667,0.645833333333333,NA,0.708333333333333,0.833333333333333,-0.191969696969697,0.0193638011126602,0.876934077946758,0.272299745162542,NA,NA,NA,NA,0.875,0.6,NA,NA,0.65,NA
"rIX6bOpHNLnQjsicOooJzSU90e","xeucm00Q0USUOiZfCPWm","223301","3.0",0.605,0.625,0.666666666666667,NA,0.708333333333333,0,-0.0900395256916996,0.0352851193310092,0.949074528615612,0.124903472367208,NA,NA,NA,NA,0.975,0.6,0.25,1.14285714285714,0.55,0.733333333333333
"rLdicymNXp13NNqPLOsOh3gBX0","sdP0xt7UwYVx6QCBUGb9","all","3.0",0.625,0.625,0.625,NA,0.833333333333333,0,0.0597101449275362,0.0478061992168621,0.886547588298185,1.13589408758372,NA,NA,NA,NA,0.8,0.76,0.25,1,0.7,0.6
"roE5s1646kIDOHR2ypn0gY8XIG","umthPijt9cdE4VLD81bJ","33ff78","2.0",0.435,0.520833333333333,0.543478260869565,0.692307692307692,0.583333333333333,0.166666666666667,0.1625,0.0584957743702612,1.28941796877455,0.740989867402511,0,0,0.357272727272727,0.333333333333333,NA,NA,0.75,1.14285714285714,0.45,0.466666666666667
"ruYM4WZXfhvhkRH3t46FBkuyM8","qd4Tq2EQ5O1jdvZSgDhd","223301","3.0",0.631313131313131,0.5625,0.5,NA,0.75,0,-0.232608695652174,0.042892111833344,0.500366514274577,0.216008288400339,NA,NA,NA,NA,0.825,0.6,0.5,0.785714285714286,0.6,0.866666666666667
"S8Uu9zPRp4c8uobuTzzQ1zDZm0","3LZAdXLXW8LPv5UZBAbT","223301","2.0",0.535,0.395833333333333,0.416666666666667,NA,0.625,0.166666666666667,-0.482391304347826,0.0352669865529802,0.932311059390541,0.645828961740202,NA,NA,NA,NA,0.75,0.16,0.25,0.428571428571429,0.55,0.4
"SaCxndCwwj1N4FnXUGloAFFobG","AgUaUGHnrmh9OdHfzKW4","33ff78","2.0",0.66,0.5,0.458333333333333,0.769230769230769,0.708333333333333,0,-0.0116666666666667,0.0498352705314178,1.19415907588723,0.83509696648467,0,0.111111111111111,0.858787878787879,0.142857142857143,NA,NA,0.5,1,0.65,0.533333333333333
"SaQlC9hE9OsuJq9ZSf2sTFXwUo","bmGsIJF6hfx1U1Vwcw5l","all","3.0",0.62,0.541666666666667,0.5,0.846153846153846,0.791666666666667,0,-0.310833333333333,0.0344611941933753,0.752064617981009,0.262047435117772,1,0.777777777777778,0.872272727272727,0.714285714285714,NA,0.68,0.5,1.21428571428571,0.8,0.733333333333333
"sbHdu8GGTMOpO46g343rinHq9e","y78BOQcjNLdT5hBj7nwc","33ff78","2.0",0.625,0.625,0.625,1,0.625,0.833333333333333,-0.139782608695652,0.0409666979653713,0.32771950891442,0.252107972599077,0.428571428571429,0.333333333333333,0.747727272727273,0.761904761904762,NA,NA,0.25,1.42857142857143,0.7,0.533333333333333
"Scbpoqeq5cPbK4S6JgkDakbaJk","eO8ueo6SY6mgq8BrsPDn","33ff78","2.0",0.59,0.58695652173913,0.9375,0.769230769230769,0.708333333333333,0.166666666666667,-0.121666666666667,0.0407815712207233,0.483841563666378,0.384674915370148,0.428571428571429,0.444444444444444,0.82469696969697,0.666666666666667,NA,NA,0.25,1.07142857142857,0.7,0.733333333333333
"sdQEPzldON49ilXAXeFhkJlJE6","WQ5TLsN6AEzG08dUuaai","223301","3.0",0.615,0.875,0.791666666666667,NA,0.583333333333333,0,-0.433913043478261,0.0362068435693967,0.878752460155301,0.250038757728539,NA,NA,NA,NA,0.8,0.6,0.5,1.14285714285714,0.8,0.866666666666667
"sfSsH6WXHt4x9DkL6MOfvTpgni","J3YL503hXEmtAPWGnxnm","33ff78","2.0",0.56,0.583333333333333,0.791666666666667,0.846153846153846,0.75,0,0.0575,0.0260500045756433,1.07928984676428,0.327974204237923,0.428571428571429,0.888888888888889,0.810143783981563,0.714285714285714,NA,NA,0.5,NA,NA,0.666666666666667
"ShOqtka9hBXBcV86RDxKNKbUvv","qd4Tq2EQ5O1jdvZSgDhd","33ff78","2.0",0.592964824120603,0.666666666666667,0.645833333333333,1,0.708333333333333,0.166666666666667,-0.038768115942029,0.0396971782921922,0.437150175790557,0.297714378550285,0.428571428571429,0.555555555555556,0.914386208223988,0.69047619047619,NA,NA,0.5,0.785714285714286,0.6,0.866666666666667
"sIu88gQdGwPerVLw9BibV8l8i7","2o6tSgw09wEiH2UVjsUa","33ff78","2.0",0.54,0.6875,0.619047619047619,0.769230769230769,0.5,0.5,0.223333333333333,0.0325907067193906,0.814402359217959,1.01003875873663,0.428571428571429,0.444444444444444,0.727272727272727,0.642857142857143,NA,NA,0.25,1,0.4,0.466666666666667
"SiywIHKpJ7MvCbJPMOs3NoeC00","i7tXFpSRGtKMAse1e8Ho","all","3.0",0.695,0.583333333333333,0.625,NA,0.666666666666667,0.5,-0.192380952380952,0.044234699254911,1.64679324041161,1.55040941156006,NA,NA,NA,NA,0.725,0.56,0.5,1.14285714285714,0.65,0.8
"SNQN0oWm2x88AdxqqpFIYbYO2L","RGpC8Kb3t4NbLFF6ZBL7","223301","2.0",0.775,0.833333333333333,0.979166666666667,NA,0.791666666666667,0.833333333333333,-0.112086956521739,0.0365464471249699,1.03819402113911,0.265931877288909,NA,NA,NA,NA,0.875,0.6,0.5,0.714285714285714,0.7,0.8
"SRTAcfwtJtARTC1MnIfcNjltMt","2kXHVLEOjzWidnSYk5Pf","223301","2.0",0.69,0.75,0.604166666666667,NA,0.583333333333333,0.5,0.149666666666667,0.0265761023165563,0.489169329458562,0.218858317218947,NA,NA,NA,NA,0.8,0.72,0.25,0.571428571428571,0.7,0.733333333333333
"sSIEadqtaX5HymnnMh6yhcWxeC","lbBFYEj57s7jFuLGoYhb","223301","3.0",0.66,0.6875,0.6875,NA,0.583333333333333,1,0.0139710144927536,0.0346264341134351,0.876934077946758,0.267920696252882,NA,NA,NA,NA,0.75,0.76,0.5,0.571428571428571,0.8,0.6
"sTAZtqFJCtX8uoGNdvJTzcZ3qt","hgsF3OhmmJ2iKUUyx8fB","33ff78","2.0",0.64321608040201,0.5,0.479166666666667,0.923076923076923,0.625,0.333333333333333,0.32195652173913,0.0443427001731482,1.16232535471384,1.27319135768002,0.428571428571429,0.444444444444444,0.727272727272727,0.571428571428571,NA,NA,0.25,1,0.7,0.733333333333333
"sUou23DEUJXwNDNsaytBNjkfMQ","HNOz9hc9LYQrYm4Qboy1","223301","3.0",0.671875,0.5,0.458333333333333,NA,0.416666666666667,0.666666666666667,0.421228070175439,0.0379485598825028,1.42197640192307,1.58310264017038,NA,NA,NA,NA,0.775,0.52,0,1.35714285714286,0.75,0.866666666666667
"t0snTGxLAVTu0Iyetynj7liF47","Ej5z29sm0UDZlC9VSn90","223301","3.0",0.67,0.479166666666667,0.541666666666667,NA,0.541666666666667,0.166666666666667,0.405,0.0490205522860893,1.37704796209086,3.2272751310124,NA,NA,NA,NA,0.85,0.44,0.75,1.42857142857143,0.65,0.333333333333333
"ta2uwIm5tNBrAjeo5kjrWFX4rg","9RURS9QDBxOxAXzKslIr","all","3.0",0.603015075376884,0.6875,0.625,0.769230769230769,0.541666666666667,0.666666666666667,-0.186126482213439,0.0369531196110408,1.15647597846725,0.482615548138379,0.142857142857143,0.333333333333333,0.80681045064823,0.476190476190476,NA,0.4,0,1.28571428571429,0.75,0.533333333333333
"tbCTQoAafrGj5o6gPjlOQQ6qwi","gdcaQlSlTYPXtURldtrQ","all","3.0",0.489247311827957,0.541666666666667,0.541666666666667,0.769230769230769,0.75,0,-0.16,0.0231537280686265,2.30410717514892,0.408142833387272,0.142857142857143,0.111111111111111,0.589863947188389,0.285714285714286,NA,0.4,0.25,2,0.45,0.333333333333333
"Tjhn6jZbe9ifvP7bbFTUKvmR8d","8mwyokdr12PKDZFUp0oI","33ff78","2.0",0.6,0.770833333333333,0.729166666666667,0.769230769230769,0.75,1,0.173913043478261,0.0245845707596599,0.919921091390359,0.710076980147126,0.428571428571429,0.222222222222222,0.521961965799745,0.595238095238095,NA,NA,0.25,1.57142857142857,0.7,0.666666666666667
"tJsXAKDRhLQnKWAYp3FKeFoail","kmcSlbFap9jTQblz0H0H","all","3.0",0.61,0.541666666666667,0.541666666666667,0.461538461538462,0.75,0.833333333333333,0.0173913043478261,0.0571715922074506,0.811677088693918,0.395986904720618,0.142857142857143,0.111111111111111,0.731060606060606,0.476190476190476,0.95,0.52,0.25,1.21428571428571,0.7,0.4
"tLSjGm6Dqri4nsVHHnkVL8G3V4","kWQWRj6ohfhOFyzKBIXh","33ff78","2.0",0.563451776649746,0.416666666666667,0.520833333333333,0.615384615384615,0.708333333333333,0,0.2875,0.024021455817715,1.34347612810504,0.770152820744691,0.142857142857143,0.444444444444444,0.851363636363636,0.261904761904762,NA,NA,0.25,2,0.35,0.733333333333333
"TmDcNAe6FRG5OYjfe8OcTpBEk5","hgHAiY89xQA0EOPof2AH","all","3.0",0.645,0.9375,1,0.846153846153846,0.666666666666667,0,-0.175833333333333,0.0430843526254288,0.501493573097093,0.198569506214039,1,0.666666666666667,0.772727272727273,0.642857142857143,NA,0.76,0.25,1,0.75,0.933333333333333
"TO5bzVfQIW7SDw17EWfH8QqEic","BVQXcbkvoojsH8ohSYhQ","223301","2.0",0.61,0.479166666666667,0.6875,NA,0.708333333333333,0.833333333333333,0.0607575757575757,0.0351507320482588,0.908743871161947,0.34657911620675,NA,NA,NA,NA,0.95,0.48,0,1.57142857142857,0.7,0.4
"tQ5OKZAAc3cxuXpc6pc61fNUez","h17Cxfp7nZAh7AH24kxM","33ff78","3.0",0.56,0.6875,0.6875,0.923076923076923,0.666666666666667,0,-0.013623188405797,0.0259885446836616,0.434750953504055,0.348988887711187,0.857142857142857,0.555555555555556,0.676363636363636,0.666666666666667,NA,NA,0.5,1.14285714285714,0.8,0.866666666666667
"TviQt4VfPs1QlnzrqhsyqyXgQP","XTTtLZjW3GfR4y1pfMb5","all","3.0",0.431472081218274,0.583333333333333,0.479166666666667,NA,0.458333333333333,0.666666666666667,-0.214260869565217,0.0391021505910303,5.01096977570726,4.291013280567,NA,NA,NA,NA,0.75,0.16,0,2.78571428571429,0.6,0.333333333333333
"tVl9wKrTWCE8Y7ijKl9xEdIaND","3ldXGpLM5xSgTntmyhjK","33ff78","2.0",0.645,0.770833333333333,0.770833333333333,0.846153846153846,0.708333333333333,1,-0.430555555555556,0.0396161677888613,0.73008198623654,0.2864591800507,0.571428571428571,0.444444444444444,0.746060606060606,0.666666666666667,NA,NA,0.5,1.35714285714286,0.75,0.666666666666667
"U0gBRBkPEKOehBXnEMR9OyAA2j","Y34n1ewFozPlfrghTtE8","all","3.0",0.62,0.5625,0.625,NA,0.708333333333333,0.666666666666667,-0.237333333333333,0.0378564767911671,0.435116829980274,0.18441234291065,NA,NA,NA,NA,0.925,0.6,0.5,1.42857142857143,0.8,0.866666666666667
"U5yrFmxOw8ms6eZYYeBtpvT2tJ","ljDaHvoGAgx76hIYhCor","223301","2.0",0.64321608040201,0.458333333333333,0.625,NA,0.583333333333333,0,0.1625,0.00207546725368481,1.12298740121344,0.659459782729012,NA,NA,NA,NA,0.85,0.32,0.5,1,0.55,0.533333333333333
"u6uUvf0K4xUZvAfm4FlVQ3lGvI","lqho7BLGoZS5OORpai7P","223301","2.0",0.648241206030151,0.583333333333333,0.416666666666667,NA,0.708333333333333,0,0.1275,0.0305698154037856,1.01437919406846,1.08466670699078,NA,NA,NA,NA,0.775,0.52,0,0.857142857142857,0.6,0.533333333333333
"UJoa8NHGGaJ936bptUcgg5kUQt","zmmkaj9OkK5HIBg8YnTR","223301","2.0",0.535,0.583333333333333,0.583333333333333,NA,0.625,0,-0.15,0.0272873437079933,0.802159939195849,1.07151911071752,NA,NA,NA,NA,0.6,0.52,0.5,1.5,0.65,0.6
"Um9J0TSGcWVOEuv6ugD6fIrGeD","NQPS0aQApEiZG26aqv6a","all","3.0",0.66,0.6875,0.541666666666667,NA,0.875,0,0.0736956521739131,0.0201389130969392,0.822603651380621,0.334782323140682,NA,NA,NA,NA,0.8,0.92,0.5,1.42857142857143,0.7,1
"UnCi7gIOpFT3gxUev6Jg8QZMr2","frdsAiZHlEcYXnF4j3Zo","223301","3.0",0.68,0.75,0.666666666666667,NA,0.541666666666667,0.5,0.0783333333333334,0.0552535015127705,0.789669133922134,0.480649924040903,NA,NA,NA,NA,0.875,0.64,0,1.21428571428571,0.8,0.4
"Unu0wt7jHTNY17L6gp3Y8VzQqz","FF5qpQ0e7LAywe75ms9a","33ff78","3.0",0.628140703517588,0.75,0.9375,0.846153846153846,0.708333333333333,1,0.167666666666667,0.0363392578172251,0.994248127171706,0.214821871284224,0.571428571428571,0.777777777777778,0.885454545454545,0.785714285714286,NA,NA,0.25,1.07142857142857,0.7,0.6
"uOTqwTNrjsyyKxPcRvnXPIgHy8","NTF49rYDA4NRQvxvBBy2","all","3.0",0.592964824120603,0.583333333333333,0.5625,NA,0.625,0,0.189166666666667,0.04163577058417,2.82168507141349,3.73696586390434,NA,NA,NA,NA,0.775,0.24,0.25,1.92857142857143,0.55,0.333333333333333
"UQZ1cXmVdirshwm8gYLliiC0oX","Eoj9h0idq4K3N1x7e2b2","223301","2.0",0.532994923857868,0.5,0.583333333333333,NA,0.333333333333333,0.833333333333333,0.645,0.0411268624868106,1.26324473135159,0.41107326843659,NA,NA,NA,NA,0.775,0.44,NA,NA,0.8,NA
"v0xHEZJAnH2hBk7KYt5bJ1pphi","zTt0PnVmwCWZJhox1xvC","all","3.0",0.63,0.375,0.479166666666667,0.769230769230769,0.625,0,0.358333333333333,0.0372586507625416,1.89593089921934,1.41432624190581,0.428571428571429,0.222222222222222,0.739393939393939,0.571428571428571,NA,0.64,0.5,1.57142857142857,0.7,0.533333333333333
"VxK8FIuPsDFiH7t1BYdgI921aT","douXEJ4EBOwORUvjznDR","223301","2.0",0.66,0.5625,0.604166666666667,NA,0.625,0.5,0.0941897233201581,0.0298311043059027,0.715752640939144,0.239315619665421,NA,NA,NA,NA,0.85,0.56,0.25,1.64285714285714,0.6,0.866666666666667
"VZbfC2MGhLPLp7r6FPuaUY5E8l","dDvRkUhQwoslFqFURJF9","223301","2.0",0.6,0.625,0.833333333333333,NA,0.625,0,0.150553359683794,0.0313307354519046,1.00228716754014,0.961020368120282,NA,NA,NA,NA,0.975,0.44,0,1.42857142857143,0.55,0.866666666666667
"W59mVhF5kGd45pUCOIzlEBA0k6","CxGy3HNBft3NoDYlyyk6","33ff78","2.0",0.695,0.625,0.395833333333333,0.692307692307692,0.541666666666667,1,-0.20979797979798,0.0388534078065696,0.893135181466124,0.27558641581472,0.285714285714286,0.111111111111111,0.785295299133078,0.452380952380952,NA,NA,0.25,1.14285714285714,0.75,0.666666666666667
"W6lW7tpcdPnwidSMJyh0KrZtZ9","rrYkTrwh2TMMv1IvrzIl","all","3.0",0.492462311557789,0.479166666666667,0.479166666666667,0.153846153846154,0.375,0.333333333333333,0.121,0.0331377855672895,1.10801011141514,0.368847341603395,0,0,0.699833022508581,0.0952380952380952,NA,0,0.5,1.28571428571429,0.2,0.4
"WcBcRLmg6ssxWYI6H0fLQ0gqDu","ZR5Fx4ekOxWItTtVL2D7","223301","2.0",0.653266331658292,1,1,NA,0.75,1,-0.215942028985507,0.0320868736701443,0.676764240725007,0.246300815527243,NA,NA,NA,NA,0.975,0.68,0.75,0.928571428571429,0.75,0.933333333333333
"WCd7WuXM5laqFwhC1fq8CDJ3s1","PGcl1e8m5kaxuCUoFmyg","33ff78","2.0",0.585,0.666666666666667,0.895833333333333,1,0.583333333333333,0,-0.145833333333333,0.0347486707106976,0.503681510586841,0.571937665006086,0.285714285714286,0.666666666666667,0.939545454545455,0.904761904761905,NA,NA,0,0.928571428571429,0.8,0.933333333333333
"WcEJzYU0i1JS6CwcuEDO43YjmG","TMPyNQqUYmFpDT4dIx6o","all","3.0",0.67,0.645833333333333,0.645833333333333,0.923076923076923,0.666666666666667,0.666666666666667,0.180289855072464,0.0312814397023208,0.491241110157777,0.673360296702133,0.285714285714286,0.333333333333333,0.648022571860351,0.523809523809524,NA,0.6,0.25,1.5,0.55,0.4
"WeGLZHF6HqsirJ9JOpGPFfZv0Q","UHo9hzYOvPmnvRFiAHRN","223301","2.0",0.525252525252525,0.520833333333333,0.666666666666667,NA,0.875,0,-0.02,0.0363158068285791,1.60491838052432,NA,NA,NA,NA,NA,0.725,0.36,0.5,0.571428571428571,NA,0.666666666666667
"wgxtKbDhWVjtCDxLrkIFfBb763","opB973UodDii9lMCxIOx","all","3.0",0.651515151515151,0.520833333333333,0.708333333333333,0.692307692307692,0.791666666666667,0.666666666666667,0.0510606060606061,0.0357687602015022,0.572608874546506,0.361227090219426,0.857142857142857,0.444444444444444,0.905454545454546,0.571428571428571,NA,0.68,0.5,0.857142857142857,0.75,0.866666666666667
"WHXNDeR81qN9QnztFhsE8rEyGB","7p5QU381QSJDXva6VcAw","33ff78","3.0",0.480769230769231,0.666666666666667,0.604166666666667,0.692307692307692,0.375,1,0.481923076923077,0.0396852270990331,0.643839794641949,0.798428268526862,0.714285714285714,0.222222222222222,0.944840753678533,0.547619047619048,NA,NA,0.25,0.857142857142857,0.7,0.266666666666667
"WiMJRTZtpieHRm3ClAWipoHr0C","NTF49rYDA4NRQvxvBBy2","33ff78","2.0",0.666666666666667,0.75,0.5,0.615384615384615,0.625,0,0.246666666666667,0.0445124569132031,2.7570812338089,3.76664397156522,0.142857142857143,0.222222222222222,0.851818181818182,0.452380952380952,NA,NA,0.25,1.92857142857143,0.55,0.333333333333333
"wNqrvowIJVMJc5Lp35cn2wXGCu","jwJ6gpnIAf5w1x4iQZJR","223301","2.0",0.55,0.520833333333333,0.458333333333333,NA,0.5,0,0.357391304347826,0.0377416372215906,1.95951539913018,1.23990575584028,NA,NA,NA,NA,0.725,0.44,0.25,1.07142857142857,0.4,0.466666666666667
"wOISDZ8vBL1ppIeW2045LrerkE","IYKbdVH3zHeJj7IgBVaL","all","3.0",0.695,0.479166666666667,0.416666666666667,0.0769230769230769,0.583333333333333,0,-0.0891666666666667,0.0377973814069542,0.817343608305456,0.797889370878296,0,0,0.691969696969697,0.380952380952381,NA,0.4,0,0.785714285714286,0.6,0.333333333333333
"WoXID0e60IrzLgZLJTAzWgmSW6","3FnAXEVk96GR39dpvTAu","33ff78","3.0",0.515,0.6875,0.541666666666667,0.923076923076923,0.208333333333333,0.833333333333333,0.791666666666667,0.0425918933291521,2.62813673147772,0.741708257995149,0.714285714285714,0.222222222222222,0.508181818181818,0.714285714285714,NA,NA,0.75,0.928571428571429,0.7,0.8
"WSglRicKJJWdyrWzqLS3yN4nS4","vLIkcysKNk8g198E3adq","all","3.0",0.665,0.5,0.666666666666667,0.615384615384615,0.666666666666667,0.333333333333333,0.0452173913043479,0.0281609101215375,0.62324958079455,0.436487265238258,0.428571428571429,0.222222222222222,0.637272727272727,0.80952380952381,NA,0.68,0.5,0.785714285714286,0.55,0.6
"WYE85y7Cl289nu1gEwbIbZ7YI2","bmGsIJF6hfx1U1Vwcw5l","223301","2.0",0.725,0.604166666666667,0.5625,NA,0.791666666666667,0.333333333333333,-0.16,0.0279432639560404,1.25250096459138,0.619766049657358,NA,NA,NA,NA,0.85,0.68,0.5,1.21428571428571,0.8,0.733333333333333
"WytiXkcgqj0AfawQJ8D3Yqmxec","ZazO4pBxhyRgvmniXpL0","all","3.0",0.39344262295082,0.425531914893617,0.625,NA,0.666666666666667,0,0.221159420289855,0.0472467537504898,1.32487142526858,0.755747278435583,NA,NA,NA,NA,0.8,0.04,0.25,2.21428571428571,0.45,0.333333333333333
"x3WAm8yKVI1RDeaRJ8DJwoiCCy","cESXJVyUmp2icdHWBiGc","223301","2.0",0.492307692307692,0.468085106382979,NA,NA,0.708333333333333,0,-0.0346969696969698,0.0335877982956501,1.65820871921879,0.694452121349615,NA,NA,NA,NA,0.125,0.04,NA,NA,0.3,NA
"xCXPNt94JLd5Mc1gfUQpUR2A83","8TGLPTRU6zzng7ig6wje","223301","3.0",0.64,0.9375,0.895833333333333,NA,0.75,0.833333333333333,-0.121,0.0298832792046185,0.303841858822729,0.296029096723409,NA,NA,NA,NA,0.85,0.84,0.25,0.714285714285714,0.6,0.8
"Xf81QLy2eIbZn8pf9DdS69Ig8l","spew82wdkX0wW8aCfVN6","223301","2.0",0.65,0.791666666666667,1,NA,0.833333333333333,0,-0.229565217391304,0.0246867970390559,1.00861287471865,0.150942048125776,NA,NA,NA,NA,0.825,0.72,0.25,0.928571428571429,0.6,0.933333333333333
"xLaOuTPyoXqlPa6U9Kn4BVDczY","lqmhT3DMOKizWcQjR7UB","all","3.0",0.68,0.625,0.416666666666667,NA,0.5,0,0.0566666666666666,0.0294649248938446,1.66391568275671,0.738948406700984,NA,NA,NA,NA,0.5,0.16,0.25,1.42857142857143,0.35,0.533333333333333
"xs5M9JXx5a1mSn9a7En1uZJIid","4G3bH2IHyVIK4atUuWIK","33ff78","3.0",0.625,0.916666666666667,0.9375,0.846153846153846,0.791666666666667,0.333333333333333,-0.0321739130434783,0.03573535459661,0.615221207085222,0.179768333539303,0.714285714285714,0.666666666666667,0.843158624671963,0.714285714285714,NA,NA,0.5,1.35714285714286,0.65,0.666666666666667
"xVhyydM8P9iZpmdiFaAxiLdRsI","LW30bhp6JsPJf35dZTxf","223301","3.0",0.675,0.5625,0.541666666666667,NA,0.833333333333333,0,-0.42,0.0342238607980754,0.662422671767552,0.192643717609005,NA,NA,NA,NA,0.825,0.44,0.5,1.42857142857143,0.8,0.866666666666667
"XxB5g3Uxb1etR3ZG5IFr46wIRR","e5ThhbjuowMl8yVZonYB","223301","3.0",0.57,0.583333333333333,0.604166666666667,NA,0.583333333333333,0.833333333333333,-0.290701754385965,0.0443191804769181,0.74295014963476,0.298446269166646,NA,NA,NA,NA,0.825,0.48,0,0.571428571428571,0.7,0.533333333333333
"XyLJWymItQkYtW0DIEV6NehQSR","4biKYGYA4rYxXVn5Gu4Y","all","3.0",0.595,0.604166666666667,0.625,0.769230769230769,0.625,0,-0.109166666666667,0.0402351010541932,0.702343990211401,0.15085482594233,0.428571428571429,0.555555555555556,0.916969696969697,0.857142857142857,NA,0.8,0.5,0.642857142857143,0.75,0.733333333333333
"XYoAnrXUalcnsUsBaTB4h3CRRF","lbBFYEj57s7jFuLGoYhb","33ff78","2.0",0.605,0.833333333333333,0.770833333333333,0.615384615384615,0.541666666666667,0.5,-0.0604901960784313,0.0272268958314876,0.558623475506765,0.226554227023566,0.428571428571429,0.222222222222222,0.852568026405806,0.571428571428571,NA,NA,0.5,0.571428571428571,0.8,0.6
"xZW1wy9omocnP9BGw5v4I2ogM8","Zi8AdIWAZjgoDBqchpSx","33ff78","2.0",0.615,0.6875,0.5625,0.769230769230769,0.375,0.166666666666667,0.142813299232737,0.0356594252046065,0.787947705708032,0.174518563592351,0.571428571428571,0,0.853772416447975,0.452380952380952,NA,NA,0.25,1,0.8,0.8
"y7z0CQSEhOmmeRDBmZjkX2LJUL","vLIkcysKNk8g198E3adq","223301","2.0",0.69,0.583333333333333,0.5625,NA,0.666666666666667,0,-0.0262200956937799,0.0288894081530692,0.944284514943962,0.42879532754388,NA,NA,NA,NA,0.8,0.56,0.5,0.785714285714286,0.55,0.6
"Ya9lUjc8zt31nnNaItzdVLcUt7","i3xWg1XVprFKeJkIGyDu","223301","2.0",0.675,0.958333333333333,0.979166666666667,NA,0.916666666666667,0.166666666666667,-0.4175,0.0321695580070644,0.612642874890514,0.156800432874519,NA,NA,NA,NA,0.925,0.72,0.75,0.714285714285714,0.8,1
"yCPwlGWI4BP7JLwsKydxThMuMT","anjHfZoe4UgUXeUG4cRG","223301","3.0",0.675,0.979166666666667,0.979166666666667,NA,0.833333333333333,0,0.0158333333333333,0.0227359082735077,0.876934077946758,0.170511699099119,NA,NA,NA,NA,0.925,0.48,1,1.71428571428571,0.8,0.933333333333333
"yg5g1IBvs5IOAZbmuQBQtLaZ3K","X7fyR9TL9BTPesedFSHM","223301","3.0",0.65,0.5,0.541666666666667,NA,0.583333333333333,0.166666666666667,0.110833333333333,0.0299471854740778,0.8890717733413,0.542955233580735,NA,NA,NA,NA,0.975,0.48,NA,NA,0.75,NA
"yhbBBqX9q4W9kAUyP5lB5Hq8h8","BPlxMldvQI0yorUhVfBz","all","3.0",0.665,0.666666666666667,0.625,NA,0.875,0,-0.135,0.042295042477238,0.86415913511125,0.323078841493628,NA,NA,NA,NA,0.8,0.76,0.25,0.857142857142857,0.65,0.6
"YJ63tjptRqcgtWZK5dl5LsZEXS","pb405xfSmXTuwatIw1yn","all","3.0",0.63,0.6875,0.5625,0.846153846153846,0.666666666666667,0.166666666666667,-0.178840579710145,0.03311625398069,0.999866781035982,0.162589459868396,0.571428571428571,0.222222222222222,0.932727272727273,0.738095238095238,NA,0.6,0.5,1.35714285714286,0.8,0.8
"YJK8dIrX6UyhA3Si9oOcCZjAOY","FA8OvPwYfBWCM6C6ROGv","33ff78","2.0",0.645,0.729166666666667,0.8125,0.846153846153846,0.875,0,-0.0725,0.0463259417210248,0.409586537357371,0.262466172545206,1,0.444444444444444,0.908477117314897,0.738095238095238,NA,NA,0.75,1.5,0.8,0.933333333333333
"yK3d2uVHiCWmjRTKP42Lg9Q6Lq","fqW72q81GSezW9MEdWpP","223301","2.0",0.7,0.75,0.520833333333333,NA,0.875,0.833333333333333,-0.0431818181818182,0.0378536438565938,0.411990299636906,0.187384263515404,NA,NA,NA,NA,0.95,0.84,0.25,0.571428571428571,0.75,0.6
"yKVHL6FykiQV5rIMTKxVsBayji","eKfdPzOOh91TaRYeDnXJ","223301","2.0",0.7,0.5625,0.625,NA,0.666666666666667,0.5,0.210606060606061,0.0321630174497696,0.67562519662294,0.878470233065356,NA,NA,NA,NA,0.8,0.52,0.25,1.28571428571429,0.7,0.6
"YLWpAkMfPa7xqIKjpo8vwJX5fJ","NuwYsAsVQIklJBBWq8Wb","223301","2.0",0.548223350253807,0.541666666666667,0.574468085106383,NA,0.541666666666667,0,0.0275000000000001,0.0424329036590794,2.56772397763934,1.19548530248076,NA,NA,NA,NA,0.6,0.16,0.25,1.21428571428571,0.4,0.4
"ymgenUEBtOds3Drr2Ca6mdi0RU","zmmkaj9OkK5HIBg8YnTR","all","3.0",0.69,0.5,0.604166666666667,0.692307692307692,0.708333333333333,0,-0.270072463768116,0.0382149617754964,0.446265365130935,0.822145927286552,0.285714285714286,0.555555555555556,0.711060606060606,0.357142857142857,NA,0.52,0.5,1.5,0.65,0.6
"Yrjye41coTNZrLhSpwCKRX0Xx9","YfEGjNjiKeyitcSdFtsk","33ff78","2.0",0.64,0.5625,0.5625,0,0.75,0,-0.102727272727273,0.0250233158051881,0.472172305584519,0.391390966994101,0.714285714285714,0.444444444444444,0.686363636363636,0.833333333333333,NA,NA,0.5,0.928571428571429,0.8,0.866666666666667
"Z74YBwECpL8QkLR6RuxT2rrff6","dDvRkUhQwoslFqFURJF9","33ff78","3.0",0.457286432160804,0.659574468085106,0.854166666666667,1,0.875,0,-0.0183333333333333,0.042379654027784,0.511392524470738,0.745528141710556,0.571428571428571,0.444444444444444,0.747863325538884,0.547619047619048,NA,NA,0,1.42857142857143,0.55,0.866666666666667
"zaJmtsUKRbBkynkKskR3L70lSS","DlgqDFDTBhm3azaOtREy","223301","2.0",0.515,0.791666666666667,0.958333333333333,NA,0.833333333333333,0.5,-0.0333333333333333,0.0327097461094095,0.421456993788232,0.110439499708726,NA,NA,NA,NA,0.825,0.76,0.5,1.14285714285714,0.8,0.866666666666667
"Zbv79Ppl8ktS0BpCcLTk2TwY2k","I9gmFwCO9p5xFLn4C1dI","223301","2.0",0.585,0.541666666666667,0.5625,NA,0.666666666666667,0,-0.313913043478261,0.0491906276088905,1.0123148699439,0.82294356575525,NA,NA,NA,NA,0.675,0.24,0.25,1.57142857142857,0.8,0.666666666666667
"Zh2Ilf3Dsonbts9pmqj0irRMJC","VTwjljLHMeFJ4wBBGr3t","223301","3.0",0.67,0.979166666666667,0.979166666666667,NA,0.75,0,-0.0650000000000001,0.032714086057428,0.455414317639511,0.125016680421166,NA,NA,NA,NA,0.925,0.56,0.75,1.07142857142857,0.7,0.8
"ZoI06SIUMBnukzwqR7PgVTADEV","imxdJ2Yit5uDFRdxbTzA","223301","2.0",0.61,0.770833333333333,0.583333333333333,NA,0.583333333333333,0,-0.244202898550725,0.0377919207219414,1.12387568387081,0.37009206535384,NA,NA,NA,NA,0.825,0.64,0.5,1.92857142857143,0.75,0.8
"ZT0jyke8Yvldqb506vgclgoazI","i3xWg1XVprFKeJkIGyDu","33ff78","3.0",0.64,0.958333333333333,0.9375,0.692307692307692,0.791666666666667,0.333333333333333,-0.125833333333333,0.0309396840441982,0.081671921161743,0.0994111590129298,1,0.444444444444444,0.985,0.714285714285714,NA,NA,0.75,0.714285714285714,0.8,1
"ZVIQmQNUW8nQWhBmmK4AT5LAUl","CxGy3HNBft3NoDYlyyk6","223301","3.0",0.685,0.479166666666667,0.416666666666667,NA,0.5,1,-0.146666666666667,0.0345059792600469,1.01857839756309,0.394271596127442,NA,NA,NA,NA,0.7,0.48,0.25,1.14285714285714,0.75,0.666666666666667
