"subject_id","leapfrog_optimal_choice_mean","dn_version_A_correct_mean","dn_version_B_correct_mean","gl_correct_mean","impossible_question_GK_mean_correct","impossible_question_IQ_mean_correct","impossible_question_GK_calibration","time_series_mse_mean","bayesian_update_easy_mean","bayesian_update_hard_mean","crt_correct_mean","number_series_correct_mean","cfs_score_mean","raven_correct_mean","shipley_vocab_mean","shipley_abstraction_score_mean","berlin_numeracy_score_sum","resistance_to_framing_score_mean","risk_perception_prop_consistent","dr_score_mean"
"0He9HysyPCtTN8ogIXbb",0.667106598984772,0.53125,0.677083333333333,0.769230769230769,0.791666666666667,0.333333333333333,-0.167771739130435,0.0405805074610141,0.66908527995434,0.51084946562188,0.142857142857143,0.222222222222222,0.634537723375503,0.642857142857143,0.8,0.64,0.5,1.21428571428571,0.7,0.6
"0m8Mvtx03NTVAaAm2cLu",0.671620603015075,0.635416666666667,0.65625,0.769230769230769,0.75,0,-0.425586956521739,0.0341131551097974,0.619206240666596,0.210887215482879,0.428571428571429,0.555555555555556,0.886363636363636,0.69047619047619,0.875,0.58,0.25,0.714285714285714,0.65,0.6
"14v5ozkNiEFvMQrGcFef",0.615,0.947916666666667,0.979166666666667,0.923076923076923,0.770833333333333,0.583333333333333,-0.164013157894737,0.0414782694145465,0.570402576463592,0.264303617430798,1,0.666666666666667,0.86211348095126,0.857142857142857,0.925,0.64,0.75,1.28571428571429,0.7,0.733333333333333
"1TBQb6uvd7oFOYh3DIn1",0.595064102564103,0.65625,0.614583333333333,1,0.583333333333333,0,-0.0275,0.0400095224245611,0.954805410898595,0.845104294711553,0.857142857142857,0.333333333333333,0.861515151515152,0.285714285714286,0.85,0.72,0.5,0.357142857142857,0.75,0.733333333333333
"1yw5xz3F8agvG6A44c8c",0.695631313131313,0.65625,0.645833333333333,0.846153846153846,0.770833333333333,0.583333333333333,-0.370770750988142,0.026604801072312,0.875736286598339,0.174015968618643,0.714285714285714,0.666666666666667,0.813341064503285,0.642857142857143,0.975,0.68,0.75,0.642857142857143,0.75,0.933333333333333
"2CravRf3YyoGsdVmXyLB",0.6425,0.78125,0.729166666666667,1,0.625,0.666666666666667,-0.0653557312252964,0.0350942693461034,0.663041111626164,0.280783571197949,0.714285714285714,0.333333333333333,0.767575757575758,0.595238095238095,0.85,0.48,0.5,0.785714285714286,0.75,0.733333333333333
"2Xgbp4RxjncszaJ0yNdz",0.57020202020202,0.625,0.739583333333333,0.692307692307692,0.791666666666667,0.0833333333333333,-0.251666666666667,0.0309513928217292,0.78505383020513,0.208081253800505,0.142857142857143,0.333333333333333,0.962272727272727,0.476190476190476,0.9,0.48,0.25,1.35714285714286,0.65,0.6
"2kXHVLEOjzWidnSYk5Pf",0.6675,0.739583333333333,0.614583333333333,0.846153846153846,0.645833333333333,0.416666666666667,0.10025,0.030015396233851,0.532805649287993,0.222953251087717,0.285714285714286,0.666666666666667,0.76469696969697,0.785714285714286,0.8,0.78,0.25,0.571428571428571,0.7,0.733333333333333
"2o6tSgw09wEiH2UVjsUa",0.615,0.65625,0.663690476190476,0.769230769230769,0.541666666666667,0.25,0.183227931488801,0.0376021959035124,0.753951039981801,1.34695273765219,0.428571428571429,0.444444444444444,0.727272727272727,0.642857142857143,0.8,0.84,0.25,1,0.4,0.466666666666667
"3FnAXEVk96GR39dpvTAu",0.5825,0.6875,0.71875,0.923076923076923,0.416666666666667,0.833333333333333,0.475746376811594,0.0346899613823729,1.75253540471224,0.490181816859274,0.714285714285714,0.222222222222222,0.508181818181818,0.714285714285714,0.8,0.52,0.75,0.928571428571429,0.7,0.8
"3JKW5zSXGkFMU7hy3Uim",0.6375,0.697916666666667,0.708333333333333,0.692307692307692,0.6875,0.333333333333333,-0.220833333333333,0.0386320582097689,0.687166919187318,0.338975983168598,0,0.444444444444444,0.915901359739139,0.595238095238095,0.8,0.44,0.25,1.35714285714286,0.7,0.666666666666667
"3LZAdXLXW8LPv5UZBAbT",0.53,0.458333333333333,0.479166666666667,0.538461538461538,0.604166666666667,0.25,-0.47286231884058,0.0354445651117719,1.00664299048383,0.623237827885891,0,0,0.616666666666667,0.30952380952381,0.75,0.16,0.25,0.428571428571429,0.55,0.4
"3gcw66z4RGEahyQVR1wS",0.586937211309071,0.583333333333333,0.614583333333333,0.615384615384615,0.791666666666667,0.0833333333333333,-0.147750329380764,0.0284609066213208,1.07781868095051,0.215225549355685,0.714285714285714,0.333333333333333,0.935909090909091,0.571428571428571,0.875,0.76,0,1.07142857142857,0.6,0.533333333333333
"3ldXGpLM5xSgTntmyhjK",0.64,0.6875,0.604166666666667,0.846153846153846,0.75,0.833333333333333,-0.44968253968254,0.0369081810372716,0.687356726535581,0.440042571697249,0.571428571428571,0.444444444444444,0.746060606060606,0.666666666666667,0.925,0.52,0.5,1.35714285714286,0.75,0.666666666666667
"44J2DAUmP4oa33eVMXbo",0.7,0.58695652173913,0.604166666666667,NA,0.666666666666667,0.166666666666667,-0.245652173913043,0.0339875623539312,0.767716801299177,1.21059910918433,NA,NA,NA,NA,0.95,0.52,NA,NA,0.7,NA
"48dvG28tFZvFxJS3gubp",0.635,0.666666666666667,0.645833333333333,NA,0.708333333333333,0.833333333333333,-0.191969696969697,0.0193638011126602,0.876934077946758,0.272299745162542,NA,NA,NA,NA,0.875,0.6,NA,NA,0.65,NA
"4FSviDE1FIxFULHiw72J",0.686695979899497,0.84375,0.957668439716312,0.923076923076923,0.833333333333333,0.666666666666667,-0.0354545454545455,0.0418522526997177,0.77370360053096,0.238616480989982,0.714285714285714,0.444444444444444,0.919840753678533,0.571428571428571,0.95,0.44,0.25,1,0.8,0.8
"4G3bH2IHyVIK4atUuWIK",0.631595477386935,0.894503546099291,0.9375,0.846153846153846,0.833333333333333,0.25,-0.06,0.0308777186182282,0.533411230254494,0.281317244776517,0.714285714285714,0.666666666666667,0.843158624671963,0.714285714285714,0.925,0.64,0.5,1.35714285714286,0.65,0.666666666666667
"4Jcnq4L7V8NxWAITZzbt",0.571923076923077,0.760416666666667,0.958333333333333,0.769230769230769,0.666666666666667,0.0833333333333333,0.108636363636364,0.0232762416364207,0.528391170368709,0.202455837738005,0.285714285714286,0.444444444444444,0.828644094806316,0.738095238095238,0.775,0.84,0.25,1.85714285714286,0.75,0.666666666666667
"4biKYGYA4rYxXVn5Gu4Y",0.6575,0.6875,0.666666666666667,0.769230769230769,0.770833333333333,0,-0.247916666666667,0.0374744277334675,0.640171608708911,0.132601505061479,0.428571428571429,0.555555555555556,0.916969696969697,0.857142857142857,0.875,0.74,0.5,0.642857142857143,0.75,0.733333333333333
"4kOOnie1YhrqZIbs28zo",0.589473684210526,0.510416666666667,0.479166666666667,0.461538461538462,0.6875,0,-0.105416666666667,0.0384492056786855,1.86183389033555,1.03249963852688,0,0.222222222222222,0.584090909090909,0.452380952380952,0.8,0.56,0,1.71428571428571,0.55,0.4
"5rxKrOdtw9zi6iZjDiZU",0.637182741116751,0.625,0.635416666666667,1,0.6875,0.166666666666667,0.15875,0.0320806827252318,0.949018138917536,0.944322015037272,0.571428571428571,0.222222222222222,0.718022571860351,0.619047619047619,0.8,0.56,0.5,1.35714285714286,0.7,0.866666666666667
"5sGgiEeaWXdIqrSQzgLF",0.625628140703518,0.619902482269504,0.807971014492754,0.923076923076923,0.5625,0.333333333333333,0.120595238095238,0.0266430918069703,0.76159768577814,0.350139298797157,0.142857142857143,0.555555555555556,0.958477117314897,0.619047619047619,0.775,0.76,0.5,2,0.6,0.8
"6RaLQ2xZ082ceHJn0zSE",0.575974576271186,0.53125,0.548423423423423,0.692307692307692,0.416666666666667,1,0.2055,0.0480973357586466,2.77731163312878,1.44301492057135,0.285714285714286,0.333333333333333,0.292295920782583,0.404761904761905,0.775,0.44,0.5,1,0.45,0.466666666666667
"7g15dSE5HRozRtACCr2t",0.547738693467337,0.416666666666667,0.4375,NA,0.666666666666667,0,0.298633540372671,0.0345929846821265,1.80541079444797,1.15602210296632,NA,NA,NA,NA,0.575,0.08,NA,NA,0.15,NA
"7p5QU381QSJDXva6VcAw",0.508840991223542,0.739583333333333,0.690972222222222,0.692307692307692,0.458333333333333,0.583333333333333,0.290705783985835,0.0394933419175387,0.849898691593229,0.594417377998142,0.714285714285714,0.222222222222222,0.944840753678533,0.547619047619048,0.975,0.6,0.25,0.857142857142857,0.7,0.266666666666667
"81DbN7euP5SvEjIslLf2",0.6175,0.584239130434783,0.5625,0.846153846153846,0.708333333333333,0.166666666666667,-0.137878787878788,0.0393566581125919,0.910799389607256,0.178848273804483,0.571428571428571,0,0.809681507357066,0.666666666666667,0.875,0.68,0.5,1.15384615384615,0.75,0.6
"8TGLPTRU6zzng7ig6wje",0.6275,0.833333333333333,0.864583333333333,0.846153846153846,0.729166666666667,0.916666666666667,-0.035719298245614,0.0320512426118094,0.343527507726477,0.297171994967394,0.142857142857143,0.333333333333333,0.728477117314897,0.642857142857143,0.85,0.84,0.25,0.714285714285714,0.6,0.8
"8mwyokdr12PKDZFUp0oI",0.6025,0.729166666666667,0.666666666666667,0.769230769230769,0.770833333333333,0.75,0.156539855072464,0.0287860277379837,0.726838742807302,0.589284984604814,0.428571428571429,0.222222222222222,0.521961965799745,0.595238095238095,0.875,0.48,0.25,1.57142857142857,0.7,0.666666666666667
"9RURS9QDBxOxAXzKslIr",0.629007537688442,0.635416666666667,0.645833333333333,0.769230769230769,0.5625,0.333333333333333,-0.175599472990777,0.0347975284108297,1.1559312937594,0.431958964913575,0.142857142857143,0.333333333333333,0.80681045064823,0.476190476190476,0.75,0.32,0,1.28571428571429,0.75,0.533333333333333
"9XhFGFO6RL7MxxoxWLpe",0.618461538461539,0.541666666666667,0.458333333333333,0.615384615384615,0.625,0,0.162916666666667,0.0456179796062159,1.74108975124996,2.17269287464516,0,0.222222222222222,0.632591219915661,0.357142857142857,0.725,0.44,0.25,1.57142857142857,0.6,0.2
"9a6rmA3HTTfVyRjdMjHp",0.664082914572864,0.552083333333333,0.489583333333333,0.692307692307692,0.8125,0,-0.0043247694334651,0.0386353910472336,3.12325475289085,2.4106456200103,0.285714285714286,0.111111111111111,0.620446814284594,0.476190476190476,0.9,0.44,0.25,1.71428571428571,0.6,0.6
"A0ZERTjB3QmbFrsO9HkF",0.618333333333333,0.770833333333333,0.989583333333333,0.923076923076923,0.604166666666667,0.333333333333333,-0.0413965744400526,0.0442461715883838,0.849410597848558,0.179998514107397,0.857142857142857,0.444444444444444,0.902727272727273,0.69047619047619,0.825,0.6,0.25,1.21428571428571,0.8,0.8
"AgUaUGHnrmh9OdHfzKW4",0.6075,0.479166666666667,0.583333333333333,0.769230769230769,0.666666666666667,0,-0.152916666666667,0.0461874035043766,1.10189453928172,0.880600774838092,0,0.111111111111111,0.858787878787879,0.142857142857143,0.85,0.28,0.5,1,0.65,0.533333333333333
"ArJe1KvmkJTNycVXUr9z",0.654170854271357,0.8125,0.96875,0.769230769230769,0.75,0.75,0.116880952380952,0.0324326083969373,0.487959270320908,0.24096333791244,0.714285714285714,0.666666666666667,0.949090909090909,0.738095238095238,0.8,0.52,0.75,1.57142857142857,0.75,0.666666666666667
"B4SJRdeMnvSZVO8gkm52",0.64,0.864583333333333,0.979166666666667,0.846153846153846,0.708333333333333,0.583333333333333,-0.103897243107769,0.0379698526468729,0.631384306502802,0.184445461254857,0.714285714285714,0.444444444444444,0.984545454545455,0.833333333333333,0.875,0.72,0.5,1.21428571428571,0.75,0.866666666666667
"B4xA73Nldb5hoCj3RnM2",0.623205128205128,0.583333333333333,0.8125,0.846153846153846,0.770833333333333,0.166666666666667,-0.073435441370224,0.0396756446088907,0.603924139503726,0.179670034969817,0.714285714285714,0.333333333333333,0.761363636363636,0.404761904761905,0.8,0.62,0.75,0.928571428571429,0.8,0.6
"BPlxMldvQI0yorUhVfBz",0.583756281407035,0.708333333333333,0.697916666666667,1,0.833333333333333,0,-0.119166666666667,0.0413197436862302,0.814181067550597,0.404348013679517,0.857142857142857,0.222222222222222,0.947272727272727,0.69047619047619,0.8,0.76,0.25,0.857142857142857,0.65,0.6
"BVLzRiH7EOPxi5TjRmpa",0.6175,0.989583333333333,0.989583333333333,0.846153846153846,0.895833333333333,0.75,-0.144552042160738,0.0218105200463591,0.710202079182133,0.163207327538319,1,0.888888888888889,0.944545454545455,0.857142857142857,0.975,0.92,0.25,0.642857142857143,0.65,0.8
"BVQXcbkvoojsH8ohSYhQ",0.6375,0.552083333333333,0.583333333333333,0.769230769230769,0.75,0.833333333333333,0.0878787878787878,0.0358338538141231,0.678272708584227,0.341789724561669,0.428571428571429,0.333333333333333,0.698333333333333,0.642857142857143,0.95,0.48,0,1.57142857142857,0.7,0.4
"CMtMThAxd6T3GsT3xQtf",0.628969849246231,0.875,0.927083333333333,0.769230769230769,0.791666666666667,0,-0.0626877470355731,0.0351594261427887,0.682935139445427,0.323097622202033,0.857142857142857,0.555555555555556,0.795,0.761904761904762,0.875,0.36,0.25,0.785714285714286,0.7,0.733333333333333
"CxGy3HNBft3NoDYlyyk6",0.69,0.552083333333333,0.40625,0.692307692307692,0.520833333333333,1,-0.178232323232323,0.0366796935333083,0.955856789514605,0.334929005971081,0.285714285714286,0.111111111111111,0.785295299133078,0.452380952380952,0.7,0.48,0.25,1.14285714285714,0.75,0.666666666666667
"DlgqDFDTBhm3azaOtREy",0.559007537688442,0.791666666666667,0.96875,0.769230769230769,0.770833333333333,0.583333333333333,0.040530303030303,0.0340075797452533,0.379597931684247,0.170151492088301,0.571428571428571,0.333333333333333,0.965,0.785714285714286,0.825,0.76,0.5,1.14285714285714,0.8,0.866666666666667
"E9O61OUvhJVPVNILNVKi",0.626557788944724,0.75,0.875,0.846153846153846,0.791666666666667,0.166666666666667,-0.188106060606061,0.0478993570381025,0.739020481581379,0.201205857928184,0.285714285714286,0.666666666666667,0.825909090909091,0.857142857142857,0.9,0.84,0.25,1.71428571428571,0.75,0.933333333333333
"EQcUnvd175FsA5QJLyOC",0.655,0.75,0.947916666666667,0.923076923076923,0.8125,0.5,-0.104911067193676,0.0325868539778477,0.794022674116581,0.260090085611927,0.714285714285714,0.666666666666667,0.727272727272727,0.428571428571429,0.875,0.56,0.5,1.21428571428571,0.8,0.733333333333333
"Ej5z29sm0UDZlC9VSn90",0.64,0.479166666666667,0.53125,0.384615384615385,0.520833333333333,0.0833333333333333,0.364166666666667,0.0529439878673656,1.64091469885635,2.81480134673082,0,0.222222222222222,0.77,0.142857142857143,0.85,0.44,0.75,1.42857142857143,0.65,0.333333333333333
"Eoj9h0idq4K3N1x7e2b2",0.532994923857868,0.5,0.583333333333333,NA,0.333333333333333,0.833333333333333,0.645,0.0411268624868106,1.26324473135159,0.41107326843659,NA,NA,NA,NA,0.775,0.44,NA,NA,0.8,NA
"FA8OvPwYfBWCM6C6ROGv",0.5975,0.677083333333333,0.833333333333333,0.846153846153846,0.833333333333333,0.333333333333333,-0.0707196969696969,0.0427784761530488,0.643260307652064,0.29627841884555,1,0.444444444444444,0.908477117314897,0.738095238095238,0.875,0.72,0.75,1.5,0.8,0.933333333333333
"FF5qpQ0e7LAywe75ms9a",0.646570351758794,0.666666666666667,0.760416666666667,0.846153846153846,0.75,0.833333333333333,0.118517127799736,0.0363121359671851,1.06112726312939,0.219241886899055,0.571428571428571,0.777777777777778,0.885454545454545,0.785714285714286,0.925,0.48,0.25,1.07142857142857,0.7,0.6
"FnnnEkhMJyXP5RfgcMhG",0.62,0.677083333333333,0.635416666666667,0.923076923076923,0.770833333333333,0.583333333333333,-0.297805383022774,0.0426050030386623,0.778154831126618,0.308749596733459,0.714285714285714,0.666666666666667,0.841818181818182,0.69047619047619,0.85,0.68,0.75,1.21428571428571,0.8,0.666666666666667
"G70NDfvVTsAVQheihRzE",0.6375,0.65625,0.572916666666667,0.846153846153846,0.666666666666667,0,-0.264547101449275,0.039438846512806,0.771830718724873,0.247209959891235,0.142857142857143,0.444444444444444,0.839386208223988,0.261904761904762,0.85,0.4,0.75,1.64285714285714,0.7,0.8
"GOdCSYfYLW9oocF6cGLs",0.575,0.9375,0.916666666666667,NA,0.833333333333333,0.833333333333333,0.0425,0.0251165904817932,0.0306754343023412,0.122916501217505,NA,NA,NA,NA,0.925,0.92,NA,NA,0.65,NA
"GY6SDF2bu3vayneZIZA7",0.469849246231156,0.645833333333333,0.677083333333333,0.923076923076923,0.645833333333333,0.5,0.018495670995671,0.0313816817903499,0.619616264213014,0.640865464250009,0.714285714285714,0.666666666666667,0.879545454545455,0.452380952380952,0.925,0.48,0.5,1.07142857142857,0.75,0.733333333333333
"Geb5rWaHWEd3uwguNWcs",0.517651515151515,0.510416666666667,0.5625,0.538461538461538,0.583333333333333,0.166666666666667,0.358333333333333,0.0398286551628728,1.18855691294886,0.317942687557657,0.285714285714286,0,0.412591219915661,0.119047619047619,0.85,0.3,0.75,2.42857142857143,0.8,0.466666666666667
"HIXirBH1VmDYG2LJM00q",0.645192307692308,0.625,0.5,0.692307692307692,0.666666666666667,0,-0.117916666666667,0.0425758811353834,0.855316861823953,0.459637392166683,0.285714285714286,0.444444444444444,0.819090909090909,0.666666666666667,0.85,0.6,0.5,1.07142857142857,0.8,0.6
"HNOz9hc9LYQrYm4Qboy1",0.632419912060302,0.53125,0.53125,0.846153846153846,0.541666666666667,0.416666666666667,0.155007974481659,0.0428984718767567,1.08693322630728,1.13662045433976,0.714285714285714,0.333333333333333,0.758484848484848,0.595238095238095,0.775,0.52,0,1.35714285714286,0.75,0.866666666666667
"I9gmFwCO9p5xFLn4C1dI",0.619133165829146,0.552083333333333,0.614583333333333,0.923076923076923,0.625,0.333333333333333,-0.209077733860343,0.0413219647864866,0.901334285883823,0.721109893760096,0.142857142857143,0.222222222222222,0.837727272727273,0.19047619047619,0.675,0.24,0.25,1.57142857142857,0.8,0.666666666666667
"IYKbdVH3zHeJj7IgBVaL",0.6525,0.489583333333333,0.416666666666667,0.0769230769230769,0.541666666666667,0.0833333333333333,-0.0366666666666667,0.0396392844339848,1.19579208346362,0.78756484857881,0,0,0.691969696969697,0.380952380952381,0.675,0.4,0,0.785714285714286,0.6,0.333333333333333
"IZoE24O0Bkv0neEKbx4H",0.6525,0.729166666666667,0.697916666666667,0.769230769230769,0.770833333333333,0.5,-0.164410408432148,0.0282726108072311,0.981788670400708,0.17236932538486,0.857142857142857,0.444444444444444,0.954090909090909,0.642857142857143,0.95,0.76,0.5,1.14285714285714,0.7,0.533333333333333
"IpVEycSzzPWwL6RWWju0",0.625,0.989583333333333,0.96875,0.846153846153846,0.729166666666667,0.75,-0.210887445887446,0.0234192321551919,0.57360418497185,0.0789393497962627,1,0.777777777777778,0.998181818181818,1,0.975,1,0.75,0.714285714285714,0.8,1
"J3YL503hXEmtAPWGnxnm",0.56,0.583333333333333,0.791666666666667,0.846153846153846,0.75,0,0.0575,0.0260500045756433,1.07928984676428,0.327974204237923,0.428571428571429,0.888888888888889,0.810143783981563,0.714285714285714,NA,NA,0.5,NA,NA,0.666666666666667
"KWKFW3aFOM3D8GiRagyj",0.565656565656566,0.666666666666667,0.604166666666667,NA,0.708333333333333,0,0.0463241106719368,0.0186495795132662,0.714400101610066,0.853207369901133,NA,NA,NA,NA,0.9,0.76,NA,NA,0.75,NA
"KfKgT4e1rIjUHqtQszhH",0.619331065759637,0.604166666666667,0.645833333333333,1,0.625,0.0833333333333333,0.0196920289855073,0.0367875880079233,1.81816209489178,0.71969291834453,0.285714285714286,0.666666666666667,0.89,0.857142857142857,0.75,0.64,0.5,2.21428571428571,0.6,0.4
"L3zT8iY3c9deEEGpnfdn",0.6,0.645833333333333,0.666666666666667,0.692307692307692,0.5,0.833333333333333,0.357149758454106,0.0400373273037646,0.515989642293969,0.549580856728937,0.571428571428571,0.333333333333333,0.874090909090909,0.547619047619048,NA,NA,0.5,NA,NA,0.4
"LCnSsbremU5Q7zt49bLJ",0.52,0.625,0.708333333333333,0.923076923076923,0.75,0,-0.391666666666667,0.0516932312079285,0.93690300336252,0.774609812230572,0.714285714285714,0.444444444444444,0.871977428139649,0.761904761904762,NA,NA,0.25,NA,NA,0.8
"LW30bhp6JsPJf35dZTxf",0.6275,0.572916666666667,0.59375,0.846153846153846,0.75,0,-0.312463768115942,0.0379477904298659,0.497912773468134,0.230134838817706,0.571428571428571,0.333333333333333,0.942727272727273,0.619047619047619,0.825,0.44,0.5,1.42857142857143,0.8,0.866666666666667
"LX9pBE6TSNTDb4eAtNUA",0.486111111111111,0.5,0.416666666666667,NA,0.666666666666667,0,-0.0158333333333333,0.0413354297725174,2.12815489894895,0.64797456200507,NA,NA,NA,NA,0.8,0.64,NA,NA,0.75,NA
"LnzLYBKeTmWgoITknjHO",0.61,0.916666666666667,0.979166666666667,0.846153846153846,0.666666666666667,0,-0.10231884057971,0.0320307533616485,0.245226707675053,0.38016685741224,0.714285714285714,0.555555555555556,0.909545454545455,0.880952380952381,NA,NA,0.25,NA,NA,0.866666666666667
"MCgC36f8VkjRXQh65Pcc",0.58,0.53125,0.510416666666667,0.846153846153846,0.833333333333333,0.0833333333333333,0.124583333333333,0.0319749228940073,0.845230624423291,0.345666216224699,0.571428571428571,0.222222222222222,0.600621522945964,0.5,0.9,0.56,0.5,0.785714285714286,0.65,0.4
"NQPS0aQApEiZG26aqv6a",0.657586206896552,0.71875,0.65625,1,0.8125,0,0.108369565217391,0.0250714137518807,0.740244578970401,0.317220193013974,1,0.555555555555556,0.984545454545455,0.642857142857143,0.8,0.92,0.5,1.42857142857143,0.7,1
"NTF49rYDA4NRQvxvBBy2",0.629815745393635,0.666666666666667,0.53125,0.615384615384615,0.625,0,0.217916666666667,0.0430741137486866,2.7893831526112,3.75180491773478,0.142857142857143,0.222222222222222,0.851818181818182,0.452380952380952,0.775,0.24,0.25,1.92857142857143,0.55,0.333333333333333
"NuwYsAsVQIklJBBWq8Wb",0.535650136665365,0.5625,0.547650709219858,0.307692307692308,0.604166666666667,0,0.0158333333333334,0.0404025085095469,2.62229325702347,2.75580028168833,0.142857142857143,0.222222222222222,0.650909090909091,0.0476190476190476,0.6,0.22,0.25,1.21428571428571,0.4,0.4
"NxSM8j8zHJPoJjfz8Noq",0.66,0.84375,1,0.769230769230769,0.708333333333333,0.333333333333333,-0.130148221343873,0.0407794492711517,0.510428626725468,0.25583462826775,0.714285714285714,0.222222222222222,0.915454545454546,0.619047619047619,0.95,0.76,1,1.42857142857143,0.75,0.866666666666667
"OP1PXJ72nmf4TipeDUAb",0.5925,0.65625,0.708333333333333,0.846153846153846,0.729166666666667,0,-0.227083333333333,0.0283025136379112,0.861610159307279,0.397084799654104,0.428571428571429,0.333333333333333,0.641363636363636,0.714285714285714,0.9,0.72,0.25,1,0.7,0.733333333333333
"OdlRGXwUub5lMuQb97e9",0.715,0.96875,0.989583333333333,0.846153846153846,0.854166666666667,0,-0.195,0.0320911904347256,0.77897237195692,0.299561363474031,1,0.888888888888889,0.997272727272727,0.880952380952381,0.825,0.92,0.25,0.714285714285714,0.65,0.8
"P3If8blcD6Emr7oH81pi",0.584120603015075,0.5625,0.5625,0.615384615384615,0.625,0.0833333333333333,0.310833333333333,0.0491016127939487,0.996107386147634,0.570363631435351,0,0.222222222222222,0.914840753678533,0.452380952380952,0.875,0.48,0,0.928571428571429,0.65,0.4
"PGcl1e8m5kaxuCUoFmyg",0.637677664974619,0.71875,0.895833333333333,1,0.666666666666667,0,-0.169166666666667,0.038622571111733,0.54048982294546,0.654046891599549,0.285714285714286,0.666666666666667,0.939545454545455,0.904761904761905,0.775,0.8,0,0.928571428571429,0.8,0.933333333333333
"Qzfwvjt84nTzY5Y6FjmD",0.635,0.719655797101449,0.84375,0.692307692307692,0.666666666666667,0.833333333333333,-0.141545736871824,0.0339762470832369,0.889620089535201,0.222581196848253,0.571428571428571,0.333333333333333,0.832727272727273,0.738095238095238,0.9,0.7,0.5,1,0.65,0.466666666666667
"RCrV2gWfwSk9uuU4HuPj",0.66,1,1,0.846153846153846,0.6875,0.666666666666667,-0.147666666666667,0.035708223740243,0.789173803487678,0.105436112349221,1,0.888888888888889,0.997727272727273,0.785714285714286,0.95,0.96,1,0.142857142857143,0.8,1
"RFalvbYJxC4UaWeVP9Bl",0.635,0.520833333333333,0.625,0.307692307692308,0.541666666666667,0,0.03,0.0507736704337706,3.99628515012649,1.46502475129126,0.142857142857143,0,0.762272727272727,0.380952380952381,NA,NA,0.25,NA,NA,0.333333333333333
"RGpC8Kb3t4NbLFF6ZBL7",0.7125,0.854166666666667,0.96875,0.923076923076923,0.770833333333333,0.833333333333333,-0.033675057208238,0.0354760298292311,0.902012916168337,0.205061183354409,1,0.666666666666667,0.910295299133078,0.642857142857143,0.875,0.6,0.5,0.714285714285714,0.7,0.8
"RfbBaOcYhNZIheZ2Acqy",0.5625,0.604166666666667,0.5,0.846153846153846,0.604166666666667,0,-0.0548731884057971,0.0332812613738704,1.0419543890719,0.680704224287499,0,0.555555555555556,0.685909090909091,0.452380952380952,0.8,0.44,0.25,1,0.75,0.4
"RnQEyUa56RLEAXytUDqr",0.625,0.6875,0.75,0.846153846153846,0.666666666666667,0,0.105833333333333,0.0405795168693545,0.423561422834042,0.32343802475003,0.714285714285714,0.888888888888889,0.879242424242424,0.738095238095238,NA,NA,0.75,NA,NA,0.933333333333333
"RuJJKRUlyxtRXzAiEC8C",0.565,0.4375,0.604166666666667,0.615384615384615,0.75,0,0.151666666666667,0.0378540039868423,1.12623313929936,0.719897816845726,0.428571428571429,0.333333333333333,0.697408780084339,0.5,NA,NA,0.5,NA,NA,0.533333333333333
"S212lGrFbeNNaltKejk4",0.626151059867867,0.708333333333333,0.885416666666667,0.846153846153846,0.770833333333333,0,-0.281684782608696,0.0290506179480685,1.23067133088142,0.296415665030472,1,0.333333333333333,0.970749844587624,0.547619047619048,0.9,0.48,0.75,1.21428571428571,0.8,0.866666666666667
"SMK8iaeG6GeikqKFeAv1",0.551344221105528,0.614583333333333,0.59375,0.538461538461538,0.625,0.25,-0.10625,0.0337853134451424,0.840796827602594,0.47320631130192,0.714285714285714,0.666666666666667,0.899545454545455,0.238095238095238,0.825,0.44,0.5,1.14285714285714,0.8,0.866666666666667
"T3DQQ2tQSAT8ru1GmMRG",0.53,0.708333333333333,0.583333333333333,0.846153846153846,0.833333333333333,0.833333333333333,-0.0447619047619048,0.0442449619107489,0.845372392639827,0.253583425183605,0.142857142857143,0.222222222222222,0.859833022508581,0.761904761904762,NA,NA,0,NA,NA,0.866666666666667
"TMPyNQqUYmFpDT4dIx6o",0.6275,0.666666666666667,0.677083333333333,0.923076923076923,0.645833333333333,0.416666666666667,0.0593115942028986,0.029686356008763,0.697143902306702,0.769587666828244,0.285714285714286,0.333333333333333,0.648022571860351,0.523809523809524,0.775,0.56,0.25,1.5,0.55,0.4
"UFRJdGUwd0moGbSE7cst",0.6275,0.947916666666667,0.96875,0.846153846153846,0.708333333333333,1,0.00894817742643828,0.0323402970651672,0.534155157504026,0.275036859483261,0.714285714285714,0.444444444444444,0.885,0.738095238095238,0.975,0.68,0.5,1,0.7,0.8
"UHo9hzYOvPmnvRFiAHRN",0.537626262626263,0.489583333333333,0.5625,0.692307692307692,0.729166666666667,0,0.171666666666667,0.0346750781690496,1.1868333729401,0.489205652125619,0.285714285714286,0.333333333333333,0.887878787878788,0.547619047619048,0.725,0.36,0.5,0.571428571428571,NA,0.666666666666667
"V5Tx1jP6c8trEn2lrAlC",0.55050505050505,0.541666666666667,0.5,0.307692307692308,0.541666666666667,0,-0.0708333333333333,0.0490556269684708,1.18277713517196,0.394975814733137,0,0,0.532878787878788,0.0476190476190476,NA,NA,0.25,NA,NA,0.266666666666667
"VTwjljLHMeFJ4wBBGr3t",0.655,0.916666666666667,0.979166666666667,0.923076923076923,0.8125,0.0833333333333333,-0.0879166666666667,0.0304768241280504,0.446427395531824,0.124271115325529,1,0.777777777777778,0.929545454545455,0.642857142857143,0.925,0.56,0.75,1.07142857142857,0.7,0.8
"W50RS0BSWDoaNnfz2Td3",0.6675,0.572916666666667,0.614583333333333,0.923076923076923,0.75,0,-0.02625,0.0427872733986813,0.760603493617265,0.336735228404375,0.571428571428571,0.666666666666667,0.871204390042169,0.547619047619048,0.925,0.48,0.25,1.07142857142857,0.7,0.8
"WAPJCdBSeV9FUorwJeGA",0.555,0.354166666666667,0.5,0.769230769230769,0.791666666666667,0,0.0725,0.0556483944324831,2.99210808806774,0.469481214872947,0.285714285714286,0.111111111111111,0.827727272727273,0.619047619047619,NA,NA,0.5,NA,NA,0.666666666666667
"WQ5TLsN6AEzG08dUuaai",0.6,0.6875,0.760416666666667,0.923076923076923,0.6875,0,-0.43445652173913,0.0409993832328069,0.739285590750352,0.318825354367717,0.571428571428571,0.333333333333333,0.936969696969697,0.619047619047619,0.8,0.6,0.5,1.14285714285714,0.8,0.866666666666667
"WcYDIr5gBqFlqQCfLO1N",0.6775,0.71875,0.979166666666667,0.846153846153846,0.895833333333333,0.25,-0.0219202898550725,0.0258273373280394,0.618728425312483,0.23705401988989,1,0.888888888888889,0.949090909090909,0.952380952380952,0.95,0.92,0.5,1.28571428571429,0.75,0.866666666666667
"WzI6ioTBteMGm9qgRUpV",0.654158291457286,0.708333333333333,0.927083333333333,0.692307692307692,0.791666666666667,0.5,-0.237753623188406,0.0297259104703556,0.699739324581901,0.200194687300486,0.142857142857143,0.333333333333333,0.756515151515151,0.571428571428571,0.825,0.72,0.5,1.64285714285714,0.7,0.933333333333333
"X7fyR9TL9BTPesedFSHM",0.65,0.5,0.541666666666667,NA,0.583333333333333,0.166666666666667,0.110833333333333,0.0299471854740778,0.8890717733413,0.542955233580735,NA,NA,NA,NA,0.975,0.48,NA,NA,0.75,NA
"XTTtLZjW3GfR4y1pfMb5",0.442298540609137,0.510416666666667,0.541666666666667,0.384615384615385,0.5,0.333333333333333,-0.16013768115942,0.0409886586325466,4.78564915262777,4.37964972157547,0.142857142857143,0.222222222222222,0.640916822079043,0.19047619047619,0.75,0.16,0,2.78571428571429,0.6,0.333333333333333
"XxMjjODoFfCfih2dGFdw",0.5875,0.96875,0.989583333333333,0.923076923076923,0.916666666666667,0.5,-0.0886775362318841,0.0468599200426699,0.521971952826333,0.0937094497870229,1,0.888888888888889,0.996363636363636,0.761904761904762,0.9,0.84,1,0.785714285714286,0.8,0.866666666666667
"Y34n1ewFozPlfrghTtE8",0.6375,0.604166666666667,0.583333333333333,0.846153846153846,0.729166666666667,0.833333333333333,-0.27236231884058,0.0392003935843724,0.905627853629944,0.21031747826466,0.285714285714286,0.555555555555556,0.942727272727273,0.642857142857143,0.925,0.6,0.5,1.42857142857143,0.8,0.866666666666667
"YfEGjNjiKeyitcSdFtsk",0.6275,0.614583333333333,0.635416666666667,0,0.666666666666667,0.416666666666667,-0.0315454545454545,0.0318572922920101,0.412599946299058,0.32686368338696,0.714285714285714,0.444444444444444,0.686363636363636,0.833333333333333,0.875,0.84,0.5,0.928571428571429,0.8,0.866666666666667
"Z461K2AhYjH0dLK3poZS",0.650883838383838,0.489583333333333,0.6875,0.846153846153846,0.833333333333333,0.5,-0.0766287878787879,0.0512284841222542,0.78757089627258,0.575044348004199,0.285714285714286,0.222222222222222,0.810909090909091,0.571428571428571,0.9,0.48,0.25,1.07142857142857,0.6,0.666666666666667
"ZR5Fx4ekOxWItTtVL2D7",0.671633165829146,0.979166666666667,0.979166666666667,0.846153846153846,0.729166666666667,1,-0.0863482074752098,0.0376825098998285,0.591494122028246,0.240616572560704,0.857142857142857,0.888888888888889,0.969386208223988,0.761904761904762,0.975,0.72,0.75,0.928571428571429,0.75,0.933333333333333
"ZTRXpGxS3z6vhaRnlrCJ",0.525,0.65625,0.614583333333333,0.923076923076923,0.541666666666667,0,0.0765217391304348,0.0435410705503933,0.761671876053257,0.958118916794789,0,0.333333333333333,0.896969696969697,0.428571428571429,0.75,0.52,0,1.07142857142857,0.65,0.733333333333333
"ZaiPI6KxZbJXurbQHgZw",0.6275,0.625,0.635416666666667,0.769230769230769,0.583333333333333,0.5,0.109140316205534,0.0306567181289485,0.748011118613662,0.732798023583094,0.285714285714286,0.222222222222222,0.702272727272727,0.571428571428571,0.775,0.64,0.25,0.928571428571429,0.75,0.8
"ZazO4pBxhyRgvmniXpL0",0.492698322969663,0.421099290780142,0.572916666666667,0.153846153846154,0.583333333333333,0,0.114492753623188,0.0565847723997261,1.41269094427411,0.757716168580896,0,0,0.467568026405806,0.0952380952380952,0.8,0.04,0.25,2.21428571428571,0.45,0.333333333333333
"Zi8AdIWAZjgoDBqchpSx",0.625,0.666666666666667,0.666666666666667,0.769230769230769,0.458333333333333,0.5,0.165239982949702,0.0354370776548306,0.815783366650918,0.188486550467536,0.571428571428571,0,0.853772416447975,0.452380952380952,0.925,0.24,0.25,1,0.8,0.8
"ZqCXnO7iF8XSvdvJkduw",0.49,0.541666666666667,0.625,1,0.541666666666667,0.333333333333333,-0.0612173913043478,0.0539565357021046,1.39223629002688,0.723934056662243,0.428571428571429,0.333333333333333,0.752280458442679,0.666666666666667,NA,NA,0,NA,NA,0.8
"aRuVj08pGlSs7XhXvV1v",0.623709677419355,0.552083333333333,0.541666666666667,1,0.541666666666667,0,-0.0446376811594203,0.0329282441718481,0.97417189737252,1.25452505222463,0.285714285714286,0.444444444444444,0.901954234629793,0.404761904761905,0.8,0.56,0.25,1.57142857142857,0.55,0.533333333333333
"aZs8wpnT6CHJ3p34tnMW",0.456043956043956,0.425531914893617,0.583333333333333,0.0769230769230769,0.5,0,-0.0366666666666667,0.0820717558334507,1.85132340183765,1.42902070814478,0,0,0.569545454545455,0.238095238095238,NA,NA,0.25,NA,NA,0.4
"anjHfZoe4UgUXeUG4cRG",0.655,0.989583333333333,0.958333333333333,1,0.8125,0,-0.000416666666666676,0.0245001672295394,0.793113483012309,0.198532963061343,1,0.777777777777778,0.89211348095126,0.785714285714286,0.925,0.48,1,1.71428571428571,0.8,0.933333333333333
"ar7v9p9CcVBVaL8ef6Na",0.628894472361809,0.947916666666667,0.979166666666667,0.615384615384615,0.854166666666667,0.5,-0.163586956521739,0.0366509890046874,0.726298215563435,0.153081194829526,0.714285714285714,0.666666666666667,0.798636363636364,0.619047619047619,0.975,0.72,0.5,0.785714285714286,0.75,1
"bmGsIJF6hfx1U1Vwcw5l",0.6725,0.572916666666667,0.53125,0.846153846153846,0.791666666666667,0.166666666666667,-0.235416666666667,0.0312022290747078,1.0022827912862,0.440906742387565,1,0.777777777777778,0.872272727272727,0.714285714285714,0.85,0.68,0.5,1.21428571428571,0.8,0.733333333333333
"cESXJVyUmp2icdHWBiGc",0.492307692307692,0.468085106382979,NA,NA,0.708333333333333,0,-0.0346969696969698,0.0335877982956501,1.65820871921879,0.694452121349615,NA,NA,NA,NA,0.125,0.04,NA,NA,0.3,NA
"cHUwdJYSYjF7TgAvmOz7",0.61,0.583333333333333,0.572916666666667,0.692307692307692,0.708333333333333,0,-0.2225,0.0326450420840757,0.824487780102329,0.21351006123647,0.428571428571429,0.555555555555556,0.882272727272727,0.642857142857143,0.8,0.76,0.75,1.35714285714286,0.8,0.8
"dDvRkUhQwoslFqFURJF9",0.528643216080402,0.642287234042553,0.84375,1,0.75,0,0.0661100131752306,0.0368551947398443,0.756839846005437,0.853274254915419,0.571428571428571,0.444444444444444,0.747863325538884,0.547619047619048,0.975,0.44,0,1.42857142857143,0.55,0.866666666666667
"douXEJ4EBOwORUvjznDR",0.65,0.65625,0.729166666666667,1,0.625,0.25,0.112312252964427,0.0333688647666754,0.843461327133477,0.260000056218757,0.285714285714286,0.222222222222222,0.715749844587624,0.666666666666667,0.85,0.56,0.25,1.64285714285714,0.6,0.866666666666667
"e5ThhbjuowMl8yVZonYB",0.5775,0.572916666666667,0.645833333333333,0.846153846153846,0.583333333333333,0.833333333333333,-0.215906432748538,0.048836706626397,0.595561148483702,0.310176955776533,0,0.444444444444444,0.776666666666667,0.642857142857143,0.825,0.48,0,0.571428571428571,0.7,0.533333333333333
"eKfdPzOOh91TaRYeDnXJ",0.6675,0.677083333333333,0.635416666666667,0.846153846153846,0.729166666666667,0.416666666666667,0.145833333333333,0.0301785706616344,0.627739154437813,0.760875427702024,0.142857142857143,0.222222222222222,0.856969696969697,0.523809523809524,0.8,0.52,0.25,1.28571428571429,0.7,0.6
"eO8ueo6SY6mgq8BrsPDn",0.606224489795918,0.678894927536232,0.958333333333333,0.769230769230769,0.791666666666667,0.166666666666667,-0.219166666666667,0.0374988225614777,0.70260636306382,0.348540287765256,0.428571428571429,0.444444444444444,0.82469696969697,0.666666666666667,0.825,0.76,0.25,1.07142857142857,0.7,0.733333333333333
"eOhVemAeENOMaOitnTp1",0.5275,0.864583333333333,0.958333333333333,0.769230769230769,0.8125,0.5,-0.120833333333333,0.0436570693620878,0.609690601131114,0.24104964243474,0.714285714285714,0.444444444444444,0.897272727272727,0.666666666666667,0.95,0.84,0,1,0.7,0.933333333333333
"eupIsJaT0DGhPRxYpQ8L",0.637188467590478,0.552083333333333,0.604166666666667,0.846153846153846,0.75,0,-0.0670833333333333,0.0429543311905727,1.43150477427851,0.320483093133632,0,0,0.759393939393939,0.642857142857143,0.875,0.48,0.25,0.857142857142857,0.65,0.8
"f81zXUoD7CvdNqUSI1fT",0.644057788944724,0.677083333333333,0.833333333333333,0.923076923076923,0.583333333333333,0.5,-0.314585921325052,0.0292151426569006,0.792971635151449,0.382422919949343,0.285714285714286,0.555555555555556,0.828174087011866,0.642857142857143,0.975,0.68,0,0.857142857142857,0.65,0.866666666666667
"f9SLvrBHkn9TRQ3evbJS",0.645,0.770833333333333,0.8125,0.923076923076923,0.625,0,-0.0254166666666667,0.0448381008339672,1.24539938523601,0.584999317372681,0.714285714285714,0.555555555555556,0.889545454545455,0.69047619047619,0.925,0.52,0.75,0.928571428571429,0.8,0.866666666666667
"fqW72q81GSezW9MEdWpP",0.67,0.8125,0.729166666666667,0.769230769230769,0.854166666666667,0.916666666666667,0.0284090909090909,0.040192368559171,0.847968408394472,0.206969245269485,0.857142857142857,0.555555555555556,0.839545454545454,0.642857142857143,0.95,0.84,0.25,0.571428571428571,0.75,0.6
"frdsAiZHlEcYXnF4j3Zo",0.6075,0.726063829787234,0.6875,0.769230769230769,0.604166666666667,0.25,-0.0968412384716732,0.0445001171029889,0.717482358301356,0.448656325990398,0.571428571428571,0.444444444444444,0.771818181818182,0.571428571428571,0.875,0.64,0,1.21428571428571,0.8,0.4
"g1JcNpdnT9oM4l8QeLgq",0.54,0.833333333333333,0.979166666666667,NA,0.625,0.166666666666667,0.188333333333333,0.0412622460063974,0.890776919043854,0.193135143657706,NA,NA,NA,NA,0.95,0.8,NA,NA,0.7,NA
"g6b1rBBesjyyeCMsmJgr",0.595,0.6875,0.75,0.769230769230769,0.791666666666667,0.666666666666667,-0.0466666666666666,0.027807756129189,0.814529605790407,0.321420827528526,0.571428571428571,0.222222222222222,0.853477117314897,0.761904761904762,NA,NA,0.5,NA,NA,0.6
"gdcaQlSlTYPXtURldtrQ",0.439495450785773,0.59375,0.59375,0.769230769230769,0.708333333333333,0,-0.105942028985507,0.0271824754866549,2.47811707360708,1.29380019283417,0.142857142857143,0.111111111111111,0.589863947188389,0.285714285714286,0.8,0.36,0.25,2,0.45,0.333333333333333
"ggUZHShAMFgLfCl29kzl",0.555,0.541666666666667,0.6875,0.923076923076923,0.395833333333333,0.916666666666667,0.332121212121212,0.0476292359111244,1.15607285810858,0.377479083209655,0.142857142857143,0.777777777777778,0.56530303030303,0.595238095238095,0.875,0.66,0.25,1,0.2,0.466666666666667
"gikzvP6ZbEZVnubjwhn0",0.62,0.625,0.979166666666667,NA,0.541666666666667,0.333333333333333,0.165782608695652,0.033991674405435,0.748170437881544,0.250907175749523,NA,NA,NA,NA,0.825,0.36,NA,NA,0.45,NA
"h17Cxfp7nZAh7AH24kxM",0.65,0.645833333333333,0.6875,0.923076923076923,0.75,0,-0.0160869565217391,0.0315426051819111,0.492409671089416,0.50106196327299,0.857142857142857,0.555555555555556,0.676363636363636,0.666666666666667,0.85,0.84,0.5,1.14285714285714,0.8,0.866666666666667
"hOh8xx8AaUnnhlvjxQ3I",0.6575,0.968085106382979,1,0.846153846153846,0.791666666666667,0.416666666666667,0.0583333333333333,0.0458612877090846,0.48068781131536,0.309514814928878,1,0.444444444444444,0.946204390042169,0.738095238095238,0.9,0.64,0.25,1.28571428571429,0.7,0.933333333333333
"hRGa6FaIRK7j9S0HeI7X",0.542841019531617,0.541666666666667,0.5,0.153846153846154,0.5625,0,-0.00824275362318841,0.042326386899542,1.15649608825399,0.69973615505328,0.285714285714286,0,0.371212121212121,0.19047619047619,0.45,0.04,0.5,1.21428571428571,0.35,0.333333333333333
"hch6AFhLf1xzOJuMRC3N",0.5325,0.760416666666667,0.96875,0.846153846153846,0.729166666666667,0,-0.391123188405797,0.0292312974428787,0.960748785233803,0.193900480052548,0.571428571428571,0.333333333333333,0.752105749781308,0.357142857142857,0.9,0.8,0.25,1.5,0.7,0.866666666666667
"hgHAiY89xQA0EOPof2AH",0.615,0.802083333333333,0.979166666666667,0.846153846153846,0.666666666666667,0.0833333333333333,-0.26125,0.0407275945396223,0.51885190388767,0.166798673204372,1,0.666666666666667,0.772727272727273,0.642857142857143,0.775,0.72,0.25,1,0.75,0.933333333333333
"hgsF3OhmmJ2iKUUyx8fB",0.630653266331658,0.5625,0.5625,0.923076923076923,0.604166666666667,0.166666666666667,0.283659420289855,0.0387178919581026,0.937962257377599,0.966406568515275,0.428571428571429,0.444444444444444,0.727272727272727,0.571428571428571,0.75,0.68,0.25,1,0.7,0.733333333333333
"hqp2nsvojwr8iuELG6MC",0.521334971334971,0.604166666666667,0.525709219858156,0.0769230769230769,0.479166666666667,0,0.00750000000000001,0.0311445121890236,1.38495650346009,0.703055914362894,0,0,0.69,0.238095238095238,0.525,0.16,0.25,0.857142857142857,0.5,0.4
"i3xWg1XVprFKeJkIGyDu",0.6575,0.958333333333333,0.958333333333333,0.692307692307692,0.854166666666667,0.25,-0.271666666666667,0.0315546210256313,0.347157398026129,0.128105795943724,1,0.444444444444444,0.985,0.714285714285714,0.925,0.72,0.75,0.714285714285714,0.8,1
"i7tXFpSRGtKMAse1e8Ho",0.655,0.65625,0.645833333333333,0.846153846153846,0.645833333333333,0.5,-0.126081780538302,0.0439143351919037,1.15422946979955,1.28209606628254,0.142857142857143,0.777777777777778,0.78969696969697,0.642857142857143,0.725,0.56,0.5,1.14285714285714,0.65,0.8
"i8Omv5ng1pgjhYSuJxQk",0.5975,0.589539007092199,0.916666666666667,0.615384615384615,0.75,0.333333333333333,-0.0736818181818182,0.038914334160631,0.684258564595227,0.506904600606367,0.857142857142857,0.333333333333333,0.842878787878788,0.595238095238095,0.875,0.68,0.75,0.857142857142857,0.5,0.8
"iduhFd2bRDiLb4rOt1kE",0.6825,0.604166666666667,0.635416666666667,0.692307692307692,0.6875,0.166666666666667,0.0502355072463768,0.0308374009573277,0.391925865346875,0.186107359321654,0.571428571428571,0.555555555555556,0.810454545454545,0.595238095238095,0.775,0.72,0,0.714285714285714,0.75,0.666666666666667
"imxdJ2Yit5uDFRdxbTzA",0.615,0.65625,0.510416666666667,0.769230769230769,0.5,0,-0.247518115942029,0.0367680058778195,0.910168025937689,0.321889610217956,0.142857142857143,0.444444444444444,0.905909090909091,0.404761904761905,0.825,0.64,0.5,1.92857142857143,0.75,0.8
"iuzksaAl7aeR1oSIYQ0t",0.625743000717875,0.712409420289855,0.59375,0.692307692307692,0.791666666666667,0,-0.0801086956521739,0.0392728660862319,1.34027681211822,0.579197336071791,0.285714285714286,0.444444444444444,0.881204390042169,0.666666666666667,0.775,0.4,0.5,1.5,0.75,0.533333333333333
"jrnhmVKt7CnPWS0OWMII",0.6325,0.625,0.635416666666667,0.769230769230769,0.8125,0.416666666666667,-0.0373913043478261,0.048029866250871,0.91631229037098,0.376406409311842,0.285714285714286,0.111111111111111,0.736060606060606,0.404761904761905,0.875,0.52,0.75,1.21428571428571,0.6,0.466666666666667
"jwJ6gpnIAf5w1x4iQZJR",0.589070351758794,0.541666666666667,0.427083333333333,0.230769230769231,0.5,0,0.135778985507246,0.0529062376989766,1.45146120704795,1.15741292078846,0.142857142857143,0,0.703780147617927,0.142857142857143,0.725,0.34,0.25,1.07142857142857,0.4,0.466666666666667
"k8F6zlB2P8u9iRMDuRnX",0.65989847715736,0.520833333333333,0.583333333333333,0.692307692307692,0.833333333333333,0.333333333333333,-0.385217391304348,0.025247972768255,1.21788876158515,0.145520070750178,0.285714285714286,0.111111111111111,0.703484848484848,0.547619047619048,NA,NA,0.5,NA,NA,0.533333333333333
"kWQWRj6ohfhOFyzKBIXh",0.579225888324873,0.458333333333333,0.489583333333333,0.615384615384615,0.75,0,0.20875,0.019876261294084,1.13068020662433,0.770152820744691,0.142857142857143,0.444444444444444,0.851363636363636,0.261904761904762,0.775,0.44,0.25,2,0.35,0.733333333333333
"kmcSlbFap9jTQblz0H0H",0.61,0.541666666666667,0.541666666666667,0.461538461538462,0.75,0.833333333333333,0.0173913043478261,0.0571715922074506,0.811677088693918,0.395986904720618,0.142857142857143,0.111111111111111,0.731060606060606,0.476190476190476,0.95,0.52,0.25,1.21428571428571,0.7,0.4
"lbBFYEj57s7jFuLGoYhb",0.6325,0.760416666666667,0.729166666666667,0.615384615384615,0.5625,0.75,-0.0232595907928388,0.0309266649724613,0.717778776726761,0.247237461638224,0.428571428571429,0.222222222222222,0.852568026405806,0.571428571428571,0.75,0.76,0.5,0.571428571428571,0.8,0.6
"ljDaHvoGAgx76hIYhCor",0.636608040201005,0.489583333333333,0.53125,0.615384615384615,0.604166666666667,0,0.09125,0.00310386562055686,1.08083661039786,0.817808852511166,0,0.444444444444444,0.837568026405806,0.19047619047619,0.85,0.34,0.5,1,0.55,0.533333333333333
"lqho7BLGoZS5OORpai7P",0.704120603015075,0.59375,0.479166666666667,0.769230769230769,0.6875,0,0.1675,0.0363507882575271,1.40239237186028,0.956522161357119,0,0,0.801977428139649,0.404761904761905,0.775,0.5,0,0.857142857142857,0.6,0.533333333333333
"lqmhT3DMOKizWcQjR7UB",0.621407035175879,0.552083333333333,0.541666666666667,0.538461538461538,0.5625,0,0.0166666666666667,0.0363617237592948,2.05008390315629,0.821977796226105,0.285714285714286,0,0.662727272727273,0.0476190476190476,0.5,0.16,0.25,1.42857142857143,0.35,0.533333333333333
"mW12mcCvJvTrSTWLYGfP",0.631595477386935,0.375,0.510416666666667,0.923076923076923,0.5625,0,-0.0716666666666667,0.0154276024809901,1.20758160556397,1.22801006159641,0.142857142857143,0.333333333333333,0.789848484848485,0.333333333333333,0.725,0.48,0.5,1,0.7,0.266666666666667
"mXwsYfnMYmVkBLgOeXxH",0.655,0.604166666666667,0.875,1,0.666666666666667,0.75,-0.228265129226228,0.0229724532034108,0.772995252095288,0.169374604818414,0.285714285714286,0.444444444444444,0.894226961902521,0.761904761904762,0.975,0.6,0.5,0.714285714285714,0.7,0.8
"nM6m8SlLUk4HLoIteGDY",0.6225,0.760416666666667,0.96875,0.615384615384615,0.666666666666667,0.75,0.00176811594202897,0.0335330423099765,0.879136949172116,0.237145162882447,0.857142857142857,0.666666666666667,0.760749844587624,0.738095238095238,0.9,0.64,0.5,1,0.7,0.8
"opB973UodDii9lMCxIOx",0.658257575757576,0.5625,0.625,0.692307692307692,0.770833333333333,0.75,-0.028560606060606,0.0370415585075003,0.578394725457401,0.285038595095288,0.857142857142857,0.444444444444444,0.905454545454546,0.571428571428571,0.85,0.64,0.5,0.857142857142857,0.75,0.866666666666667
"ouFOczNlAHcaxVL6djzH",0.616863529561186,0.53125,0.635416666666667,0.538461538461538,0.6875,0.0833333333333333,-0.0475378787878788,0.0497466576028875,2.8719932079198,1.35885841057605,0.142857142857143,0.222222222222222,0.814976806490144,0.523809523809524,0.8,0.56,0.25,1.78571428571429,0.6,0.4
"pb405xfSmXTuwatIw1yn",0.621532663316583,0.65625,0.541666666666667,0.846153846153846,0.6875,0.0833333333333333,-0.144003623188406,0.0330572743557123,0.995724890148053,0.162335311926952,0.571428571428571,0.222222222222222,0.932727272727273,0.738095238095238,0.925,0.7,0.5,1.35714285714286,0.8,0.8
"qd4Tq2EQ5O1jdvZSgDhd",0.612138977716867,0.614583333333333,0.572916666666667,1,0.729166666666667,0.0833333333333333,-0.135688405797101,0.0412946450627681,0.468758345032567,0.256861333475312,0.428571428571429,0.555555555555556,0.914386208223988,0.69047619047619,0.825,0.6,0.5,0.785714285714286,0.6,0.866666666666667
"r4qNysPnR4M81e9YnX3c",0.5975,0.71875,0.895833333333333,0.923076923076923,0.770833333333333,0,0.203351449275362,0.0335265840543498,0.712545935755718,0.269836730657686,0.857142857142857,0.777777777777778,0.73711348095126,0.571428571428571,0.975,0.64,0.25,1.71428571428571,0.7,0.933333333333333
"rjnyZKpQLvnf7DCvDstX",0.665,0.875,0.989583333333333,0.923076923076923,0.8125,0.666666666666667,-0.340595238095238,0.0334366294121049,0.717798342995875,0.259583021025209,0.857142857142857,0.666666666666667,0.812727272727273,0.714285714285714,0.9,0.72,0.75,0.857142857142857,0.75,0.8
"rrYkTrwh2TMMv1IvrzIl",0.561231155778894,0.472916666666667,0.510416666666667,0.153846153846154,0.395833333333333,0.166666666666667,0.138688405797101,0.0301446110127826,1.27381290370792,0.383904717859342,0,0,0.699833022508581,0.0952380952380952,0.425,0,0.5,1.28571428571429,0.2,0.4
"sdP0xt7UwYVx6QCBUGb9",0.6,0.59375,0.5625,0.769230769230769,0.708333333333333,0.166666666666667,0.128188405797101,0.0381244679291099,0.855645774986131,1.03478132949187,0.428571428571429,0.444444444444444,0.772727272727273,0.404761904761905,0.8,0.76,0.25,1,0.7,0.6
"shked6eL049hKEaBmQHp",0.575,0.65625,0.677083333333333,0.769230769230769,0.666666666666667,0.0833333333333333,-0.204836956521739,0.0291153363019157,0.928187525902323,0.259708885608873,0.142857142857143,0.333333333333333,0.969090909090909,0.547619047619048,0.725,0.56,0.25,1,0.7,0.6
"spew82wdkX0wW8aCfVN6",0.618969849246231,0.791666666666667,1,0.769230769230769,0.854166666666667,0,-0.255760869565217,0.0313847026509632,1.02672810595836,0.195126890217409,0.571428571428571,0.444444444444444,0.913022571860351,0.619047619047619,0.825,0.72,0.25,0.928571428571429,0.6,0.933333333333333
"ssw6lvCnvrisvRGBeBcS",0.665,0.9375,0.916666666666667,0.846153846153846,0.708333333333333,0.25,-0.117312252964427,0.0342371815772548,0.69981896812752,0.587670985716516,1,0.666666666666667,0.936363636363636,0.80952380952381,0.825,0.72,0.25,1.21428571428571,0.75,0.733333333333333
"uSJ854owFJHsuLYRzO5k",0.63,0.854166666666667,0.6875,0.846153846153846,0.791666666666667,0.333333333333333,-0.0733596837944664,0.028241483725781,0.425429820435696,0.257928206286868,1,0.666666666666667,0.851658935496715,0.666666666666667,0.95,0.84,0.5,0.428571428571429,0.7,0.8
"ugmetYJPKn2PqPEAlqOj",0.626932989690722,0.739583333333333,0.808510638297872,0.769230769230769,0.645833333333333,0.75,-0.00945080091533179,0.0280244021353747,0.454209214739474,0.31110116499445,0.714285714285714,0.555555555555556,0.899090909090909,0.642857142857143,0.925,0.56,0.25,0.857142857142857,0.65,0.6
"uhJmCiYPKjC6kXjS6J2N",0.753768844221106,0.729166666666667,0.9375,NA,0.666666666666667,0.166666666666667,-0.0431884057971014,0.0533406944047803,0.335519945023025,0.370965759225147,NA,NA,NA,NA,0.85,0.68,NA,NA,0.75,NA
"uj0g1xn3hq3armVSVrhg",0.603015075376884,0.625,0.770833333333333,0.846153846153846,0.458333333333333,0.833333333333333,0.351150895140665,0.0337568674113431,0.83238923950177,0.995554696225632,0.285714285714286,0.222222222222222,0.712568026405806,0.476190476190476,0.95,0.48,0.5,0.642857142857143,0.7,0.6
"umthPijt9cdE4VLD81bJ",0.465,0.489583333333333,0.500905797101449,0.692307692307692,0.583333333333333,0.0833333333333333,0.0758333333333333,0.0979758599008138,1.14291077756576,0.587799730239596,0,0,0.357272727272727,0.333333333333333,0.675,0,0.75,1.14285714285714,0.45,0.466666666666667
"v0GhUCEdOuSpaaqYc1mE",0.674145728643216,0.666666666666667,0.864583333333333,0.846153846153846,0.770833333333333,0,-0.502880434782609,0.0401280812385968,0.792385354971317,0.215874847700626,0.428571428571429,0.333333333333333,0.910606060606061,0.761904761904762,0.8,0.72,0.25,1.21428571428571,0.7,0.733333333333333
"vLIkcysKNk8g198E3adq",0.6775,0.541666666666667,0.614583333333333,0.615384615384615,0.666666666666667,0.166666666666667,0.00949864780528398,0.0285251591373034,0.783767047869256,0.432641296391069,0.428571428571429,0.222222222222222,0.637272727272727,0.80952380952381,0.8,0.62,0.5,0.785714285714286,0.55,0.6
"xbPQAQQy3KmYXujyV081",0.645,0.989583333333333,1,0.846153846153846,0.75,0.583333333333333,0.11261909714999,0.029278361045814,0.279675129491217,0.15121608259182,1,0.888888888888889,0.812272727272727,0.785714285714286,0.9,0.88,0.5,0.714285714285714,0.8,0.733333333333333
"xeucm00Q0USUOiZfCPWm",0.5575,0.614583333333333,0.666666666666667,0.769230769230769,0.666666666666667,0,-0.107954545454545,0.0381241911655576,0.68768497487953,0.151744458618806,0,0.333333333333333,0.829242424242424,0.428571428571429,0.975,0.6,0.25,1.14285714285714,0.55,0.733333333333333
"y78BOQcjNLdT5hBj7nwc",0.600765306122449,0.541666666666667,0.614583333333333,1,0.625,0.75,-0.133754940711462,0.0433358636644348,0.362387160915335,0.388837548060956,0.428571428571429,0.333333333333333,0.747727272727273,0.761904761904762,0.575,0.6,0.25,1.42857142857143,0.7,0.533333333333333
"zTt0PnVmwCWZJhox1xvC",0.61,0.427083333333333,0.489583333333333,0.769230769230769,0.604166666666667,0,0.337083333333333,0.0397077248543653,1.88309393446209,1.40606808103919,0.428571428571429,0.222222222222222,0.739393939393939,0.571428571428571,0.65,0.62,0.5,1.57142857142857,0.7,0.533333333333333
"zUoYMIAkRhhPousQANuT",0.6075,0.416666666666667,0.5625,0.692307692307692,0.75,0,-0.188122529644269,0.0336844416994754,1.51063740918978,0.726877627038738,0.714285714285714,0,0.800439083114642,0.595238095238095,0.95,0.68,0.25,1.35714285714286,0.6,0.4
"zmmkaj9OkK5HIBg8YnTR",0.6125,0.541666666666667,0.59375,0.692307692307692,0.666666666666667,0,-0.210036231884058,0.0327511527417448,0.624212652163392,0.946832519002037,0.285714285714286,0.555555555555556,0.711060606060606,0.357142857142857,0.6,0.52,0.5,1.5,0.65,0.6
